reserva_id,fecha_solicitud,hora_solicitud,nombre_cliente,contacto,canal_contacto,fuente_llegada,comuna,artista_preferido,especialidad_artista,estilo_tatuaje,zona_cuerpo,tamano,presupuesto_estimado_clp,fecha_tentativa,horario_preferido,estado_solicitud,senal_pagada_clp,duracion_estimada_horas,requiere_diseno_personalizado,nivel_urgencia,score_oportunidad,mensaje_resumen
RES-0001,2026-05-24,13:00,Emilia Castillo,+56936319320,WhatsApp,TikTok,Puerto Octay,Rayo,tradicional,tradicional,mano/dedos,pequeno,65000,2026-05-27,fin de semana,pendiente,0,1.25,no,alta,12,Idea tradicional en mano/dedos con Rayo
RES-0002,2026-06-01,14:30,Renata Paredes,@renata.paredes,Instagram,Instagram,Puerto Octay,Nova Ink,fine line,lettering,pecho,pequeno,45000,2026-06-04,mediodia,confirmada,15000,1,no,baja,32,Idea lettering en pecho con Nova Ink
RES-0003,2026-06-12,12:30,Renata Oyarzo,+56941366678,WhatsApp,cliente recurrente,Ovejeria,Rayo,tradicional,lettering color,espalda,mediano,135000,2026-06-16,tarde,confirmada,40000,2.25,si,alta,66,Idea a color lettering en espalda con Rayo
RES-0004,2026-05-13,11:30,Agustin Alvarez,@agustin.alvarez,Instagram,TikTok,Osorno,Mila Shade,sombras suaves,geometrico color,brazo,sesion larga,260000,2026-05-16,mediodia,contactar,0,5,si,alta,52,Idea a color geometrico en brazo con Mila Shade
RES-0005,2026-05-20,13:30,Lucas Leiva,+56972842698,WhatsApp,evento AIEP,Purranque,Nova Ink,fine line,fine line,mano/dedos,mediano,90000,2026-05-23,manana,contactar,0,2.25,si,media,21,Idea fine line en mano/dedos con Nova Ink
RES-0006,2026-05-24,09:00,Francisca Oyarzo,+56978292266,WhatsApp,cliente recurrente,Rio Negro,Rayo,tradicional,lettering,tobillo,sesion larga,260000,2026-05-27,tarde,pendiente,0,7,no,media,55,Idea lettering en tobillo con Rayo
RES-0007,2026-05-22,13:00,Francisca Carrasco,@francisca.carrasco,Instagram,Instagram,Puerto Octay,Atlas,piezas grandes,blackwork,mano/dedos,mediano,115000,2026-05-26,manana,pendiente,0,1.75,no,media,21,Idea blackwork en mano/dedos con Atlas
RES-0008,2026-05-21,17:30,Felipe Espinoza,+56990140881,WhatsApp,visita directa,Purranque,Nova Ink,fine line,minimalista,cuello,mediano,110000,2026-05-26,tarde,confirmada,30000,3,no,baja,44,Idea minimalista en cuello con Nova Ink
RES-0009,2026-06-08,16:00,Lucas Gallardo,+56973323172,WhatsApp,recomendacion,Rio Negro,Rayo,tradicional,blackwork,hombro,sesion larga,360000,2026-06-17,tarde,pendiente,0,7,si,media,76,Idea blackwork en hombro con Rayo
RES-0010,2026-05-20,13:00,Lucas Espinoza,@lucas.espinoza,Instagram,evento AIEP,Rio Negro,Rayo,tradicional,tradicional color,antebrazo,pequeno,65000,2026-05-23,tarde,confirmada,25000,1.25,si,alta,41,Idea a color tradicional en antebrazo con Rayo
RES-0011,2026-05-20,11:00,Martina Reyes,+56971542139,WhatsApp,Instagram,Osorno,Atlas,piezas grandes,blackwork,antebrazo,pequeno,60000,2026-05-23,tarde,confirmada,20000,1,no,alta,35,Idea blackwork en antebrazo con Atlas
RES-0012,2026-05-14,12:00,Antonia Reyes,@antonia.reyes,Instagram,recomendacion,Puerto Octay,Rayo,tradicional,blackwork,pecho,sesion larga,345000,2026-05-19,tarde,pendiente,0,6,si,media,74,Idea blackwork en pecho con Rayo
RES-0013,2026-05-24,16:00,Tomas Saavedra,+56933111885,WhatsApp,TikTok,Rahue,Kuro,blackwork,geometrico,hombro,mediano,105000,2026-05-27,manana,confirmada,30000,2.25,no,alta,43,Idea geometrico en hombro con Kuro
RES-0014,2026-06-15,12:30,Nicolas Navarro,+56983070180,WhatsApp,cliente recurrente,San Pablo,Mila Shade,sombras suaves,fine line,mano/dedos,mediano,115000,2026-06-18,manana,pendiente,0,3,si,baja,38,Idea fine line en mano/dedos con Mila Shade
RES-0015,2026-05-28,17:30,Diego Soto,+56944170236,WhatsApp,TikTok,Ovejeria,Kuro,blackwork,geometrico,muneca,mediano,95000,2026-06-02,fin de semana,contactar,0,2.25,si,baja,22,Idea geometrico en muneca con Kuro
RES-0016,2026-05-16,10:00,Camila Vargas,+56952882988,WhatsApp,cliente recurrente,Rahue,Atlas,piezas grandes,geometrico color,hombro,pequeno,65000,2026-05-19,fin de semana,pendiente,0,1,no,media,24,Idea a color geometrico en hombro con Atlas
RES-0017,2026-06-12,11:30,Constanza Araya,+56973311464,WhatsApp,visita directa,Rahue,Rayo,tradicional,tradicional,costillas,mediano,115000,2026-06-16,tarde,pendiente,0,1.75,no,media,21,Idea tradicional en costillas con Rayo
RES-0018,2026-05-17,14:00,Martina Vera,+56984123120,WhatsApp,Instagram,Puerto Octay,Atlas,piezas grandes,geometrico,costillas,sesion larga,425000,2026-05-20,manana,confirmada,95000,6,si,alta,100,Idea geometrico en costillas con Atlas
RES-0019,2026-06-16,14:00,Joaquin Vargas,+56954257239,WhatsApp,recomendacion,Purranque,Kuro,blackwork,tradicional color,pecho,mediano,170000,2026-06-19,mediodia,contactar,0,2.25,no,media,41,Idea a color tradicional en pecho con Kuro
RES-0020,2026-06-05,09:00,Agustin Rojas,@agustin.rojas,Instagram,TikTok,Rio Negro,Kuro,blackwork,geometrico,muneca,grande,195000,2026-06-09,mediodia,cancelada,0,5.5,si,media,36,Idea geometrico en muneca con Kuro
RES-0021,2026-05-19,11:30,Sebastian Espinoza,@sebastian.espinoza,Instagram,TikTok,Puerto Octay,Atlas,piezas grandes,blackwork,muneca,pequeno,50000,2026-05-22,tarde,pendiente,0,1,si,baja,14,Idea blackwork en muneca con Atlas
RES-0022,2026-06-11,14:00,Ignacio Mansilla,+56948388800,WhatsApp,TikTok,Francke,Kuro,blackwork,tradicional color,brazo,grande,245000,2026-06-16,mediodia,pendiente,0,4.5,no,baja,45,Idea a color tradicional en brazo con Kuro
RES-0023,2026-05-20,12:30,Maximiliano Gallardo,+56966861504,WhatsApp,Instagram,San Pablo,Rayo,tradicional,tradicional color,mano/dedos,pequeno,65000,2026-05-23,fin de semana,confirmada,25000,1,si,media,41,Idea a color tradicional en mano/dedos con Rayo
RES-0024,2026-05-28,17:30,Tomas Soto,+56935187617,WhatsApp,Instagram,Rahue,Atlas,piezas grandes,blackwork,costillas,grande,245000,2026-06-02,tarde,pendiente,0,3.5,si,alta,50,Idea blackwork en costillas con Atlas
RES-0025,2026-06-07,17:30,Renata Oyarzo,+56981409866,WhatsApp,Google,San Pablo,Rayo,tradicional,lettering color,hombro,grande,245000,2026-06-10,tarde,contactar,0,4.5,si,media,50,Idea a color lettering en hombro con Rayo
RES-0026,2026-06-14,15:00,Tomas Bravo,+56932329798,WhatsApp,Google,Rio Negro,Lina Dot,minimalista,fine line,espalda,sesion larga,305000,2026-07-28,fin de semana,pendiente,0,7,si,alta,56,Idea fine line en espalda con Lina Dot
RES-0027,2026-06-15,15:00,Lucas Oyarzo,+56972961285,WhatsApp,Instagram,Rio Negro,Nova Ink,fine line,minimalista,pecho,mediano,130000,2026-06-18,manana,pendiente,0,3,si,media,29,Idea minimalista en pecho con Nova Ink
RES-0028,2026-06-06,15:30,Matias Carrasco,+56958114281,WhatsApp,cliente recurrente,Purranque,Lina Dot,minimalista,minimalista color,cuello,grande,180000,2026-06-09,tarde,confirmada,50000,3.5,si,media,74,Idea a color minimalista en cuello con Lina Dot
RES-0029,2026-06-03,09:30,Emilia Vera,@emilia.vera,Instagram,Google,Purranque,Rayo,tradicional,tradicional color,mano/dedos,mediano,100000,2026-06-06,mediodia,confirmada,30000,1.75,si,baja,47,Idea a color tradicional en mano/dedos con Rayo
RES-0030,2026-06-04,14:30,Lucas Alvarez,+56977838733,WhatsApp,TikTok,Puerto Octay,Atlas,piezas grandes,geometrico color,brazo,mediano,140000,2026-06-09,tarde,pendiente,0,2.25,si,alta,30,Idea a color geometrico en brazo con Atlas
RES-0031,2026-05-22,16:00,Nicolas Alvarez,@nicolas.alvarez,Instagram,Instagram,Puerto Octay,Rayo,tradicional,blackwork,pierna,pequeno,70000,2026-05-26,tarde,confirmada,25000,1.25,si,media,42,Idea blackwork en pierna con Rayo
RES-0032,2026-06-04,13:30,Fernanda Reyes,+56959500232,WhatsApp,Instagram,Ovejeria,Mila Shade,sombras suaves,minimalista,mano/dedos,pequeno,45000,2026-06-09,manana,confirmada,15000,1,si,media,37,Idea minimalista en mano/dedos con Mila Shade
RES-0033,2026-06-19,14:00,Francisca Leiva,+56915645777,WhatsApp,cliente recurrente,Ovejeria,Lina Dot,minimalista,fine line,cuello,mediano,110000,2026-06-23,fin de semana,reagendada,0,3,si,baja,37,Idea fine line en cuello con Lina Dot
RES-0034,2026-05-22,17:30,Antonia Araya,+56968740999,WhatsApp,evento AIEP,Rio Negro,Mila Shade,sombras suaves,minimalista,antebrazo,pequeno,40000,2026-05-26,mediodia,pendiente,0,1.25,si,alta,12,Idea minimalista en antebrazo con Mila Shade
RES-0035,2026-06-01,17:00,Martina Cortes,+56912845704,WhatsApp,Instagram,Rio Negro,Atlas,piezas grandes,blackwork,hombro,pequeno,60000,2026-06-04,mediodia,pendiente,0,1,si,media,16,Idea blackwork en hombro con Atlas
RES-0036,2026-06-10,13:00,Camila Espinoza,@camila.espinoza,Instagram,evento AIEP,Ovejeria,Atlas,piezas grandes,geometrico,brazo,mediano,100000,2026-06-13,manana,pendiente,0,1.75,si,media,23,Idea geometrico en brazo con Atlas
RES-0037,2026-05-16,15:30,Francisca Morales,+56931988285,WhatsApp,Instagram,Francke,Lina Dot,minimalista,fine line,cuello,pequeno,45000,2026-05-19,mediodia,cancelada,0,1.25,si,media,13,Idea fine line en cuello con Lina Dot
RES-0038,2026-05-14,10:00,Sofia Vera,@sofia.vera,Instagram,Instagram,Ovejeria,Rayo,tradicional,blackwork,muneca,sesion larga,260000,2026-05-19,tarde,pendiente,0,6,si,media,48,Idea blackwork en muneca con Rayo
RES-0039,2026-05-14,13:00,Trinidad Rojas,@trinidad.rojas,Instagram,cliente recurrente,Ovejeria,Lina Dot,minimalista,geometrico color,pecho,pequeno,55000,2026-05-19,tarde,contactar,0,1,si,baja,27,Idea a color geometrico en pecho con Lina Dot
RES-0040,2026-06-07,11:00,Florencia Vargas,+56926854541,WhatsApp,visita directa,Ovejeria,Mila Shade,sombras suaves,minimalista,costillas,pequeno,40000,2026-06-10,manana,cancelada,0,1,si,alta,12,Idea minimalista en costillas con Mila Shade
RES-0041,2026-05-23,16:30,Constanza Carrasco,+56964788576,WhatsApp,recomendacion,Rio Negro,Nova Ink,fine line,fine line,antebrazo,sesion larga,260000,2026-05-27,tarde,contactar,0,5,no,alta,57,Idea fine line en antebrazo con Nova Ink
RES-0042,2026-06-19,11:00,Antonia Leiva,+56966723669,WhatsApp,visita directa,Puerto Octay,Kuro,blackwork,tradicional,pecho,mediano,140000,2026-06-23,tarde,confirmada,40000,2.25,si,baja,54,Idea tradicional en pecho con Kuro
RES-0043,2026-06-17,15:00,Valentina Soto,+56914140875,WhatsApp,visita directa,Purranque,Lina Dot,minimalista,minimalista,brazo,grande,180000,2026-06-20,manana,cancelada,0,4.5,si,media,38,Idea minimalista en brazo con Lina Dot
RES-0044,2026-06-07,15:30,Camila Vera,@camila.vera,Instagram,Google,Francke,Rayo,tradicional,blackwork,pierna,mediano,115000,2026-06-10,manana,pendiente,0,2.25,si,baja,26,Idea blackwork en pierna con Rayo
RES-0045,2026-06-09,14:00,Joaquin Alvarez,+56962780260,WhatsApp,TikTok,Francke,Lina Dot,minimalista,minimalista,espalda,mediano,85000,2026-06-12,tarde,pendiente,0,1.75,si,alta,20,Idea minimalista en espalda con Lina Dot
RES-0046,2026-05-22,15:30,Maximiliano Morales,+56952924861,WhatsApp,Instagram,Rio Negro,Kuro,blackwork,blackwork,tobillo,grande,220000,2026-05-26,tarde,contactar,0,4.5,si,alta,45,Idea blackwork en tobillo con Kuro
RES-0047,2026-06-06,14:30,Constanza Cardenas,@constanza.cardenas,Instagram,recomendacion,San Pablo,Lina Dot,minimalista,minimalista,muneca,mediano,85000,2026-06-09,tarde,pendiente,0,2.25,si,media,30,Idea minimalista en muneca con Lina Dot
RES-0048,2026-06-02,09:00,Javiera Araya,+56977908972,WhatsApp,cliente recurrente,Puerto Octay,Mila Shade,sombras suaves,fine line,muneca,sesion larga,260000,2026-06-10,tarde,reagendada,0,7,si,baja,60,Idea fine line en muneca con Mila Shade
RES-0049,2026-05-19,17:30,Agustin Carrasco,+56965461194,WhatsApp,Instagram,Rio Negro,Atlas,piezas grandes,blackwork color,costillas,mediano,165000,2026-05-22,manana,cancelada,0,1.75,si,baja,35,Idea a color blackwork en costillas con Atlas
RES-0050,2026-06-05,15:30,Renata Miranda,+56914528092,WhatsApp,Instagram,Osorno,Mila Shade,sombras suaves,fine line,hombro,pequeno,55000,2026-06-09,manana,cancelada,0,1.25,si,media,15,Idea fine line en hombro con Mila Shade
RES-0051,2026-06-17,13:30,Josefa Cardenas,+56911574987,WhatsApp,visita directa,Rahue,Atlas,piezas grandes,blackwork color,pierna,sesion larga,450000,2026-06-20,manana,pendiente,0,6,no,media,78,Idea a color blackwork en pierna con Atlas
RES-0052,2026-06-03,10:00,Isidora Leiva,+56998740280,WhatsApp,Instagram,Osorno,Mila Shade,sombras suaves,geometrico color,brazo,pequeno,40000,2026-06-06,mediodia,confirmada,15000,0.75,no,media,31,Idea a color geometrico en brazo con Mila Shade
RES-0053,2026-06-16,12:30,Felipe Miranda,+56980768142,WhatsApp,Google,Francke,Kuro,blackwork,geometrico,cuello,mediano,120000,2026-06-19,mediodia,cancelada,0,2.25,si,baja,27,Idea geometrico en cuello con Kuro
RES-0054,2026-05-16,10:30,Antonia Gallardo,+56988139321,WhatsApp,visita directa,Ovejeria,Lina Dot,minimalista,geometrico,espalda,pequeno,40000,2026-05-19,tarde,cancelada,0,0.75,si,media,12,Idea geometrico en espalda con Lina Dot
RES-0055,2026-06-10,14:30,Sofia Alvarez,@sofia.alvarez,Instagram,Instagram,Rahue,Kuro,blackwork,blackwork,pierna,mediano,170000,2026-06-13,manana,pendiente,0,3,no,alta,31,Idea blackwork en pierna con Kuro
RES-0056,2026-05-27,09:30,Gabriel Morales,+56948844525,WhatsApp,Google,San Pablo,Kuro,blackwork,tradicional color,mano/dedos,mediano,170000,2026-05-30,tarde,contactar,0,3,si,alta,36,Idea a color tradicional en mano/dedos con Kuro
RES-0057,2026-06-02,12:00,Sofia Soto,+56997045425,WhatsApp,Google,Rahue,Nova Ink,fine line,lettering,antebrazo,pequeno,40000,2026-06-05,tarde,pendiente,0,1,si,media,12,Idea lettering en antebrazo con Nova Ink
RES-0058,2026-05-20,16:00,Javiera Vera,@javiera.vera,Instagram,Google,Osorno,Lina Dot,minimalista,fine line,mano/dedos,pequeno,40000,2026-05-23,fin de semana,contactar,0,1,no,media,12,Idea fine line en mano/dedos con Lina Dot
RES-0059,2026-05-14,10:30,Maximiliano Navarro,+56917420382,WhatsApp,TikTok,Rahue,Kuro,blackwork,tradicional color,tobillo,sesion larga,330000,2026-05-19,manana,pendiente,0,7,si,baja,61,Idea a color tradicional en tobillo con Kuro
RES-0060,2026-05-18,14:30,Benjamin Araya,@benjamin.araya,Instagram,recomendacion,Osorno,Mila Shade,sombras suaves,geometrico color,brazo,pequeno,40000,2026-05-21,tarde,confirmada,15000,0.75,si,alta,46,Idea a color geometrico en brazo con Mila Shade
RES-0061,2026-05-25,12:00,Vicente Godoy,@vicente.godoy,Instagram,Instagram,Purranque,Atlas,piezas grandes,geometrico,cuello,grande,260000,2026-05-28,tarde,confirmada,55000,4.5,no,media,71,Idea geometrico en cuello con Atlas
RES-0062,2026-05-28,14:00,Renata Carrasco,@renata.carrasco,Instagram,recomendacion,Purranque,Rayo,tradicional,lettering,tobillo,grande,180000,2026-06-02,tarde,reagendada,0,5.5,si,media,44,Idea lettering en tobillo con Rayo
RES-0063,2026-06-15,10:30,Tomas Espinoza,+56969244267,WhatsApp,Instagram,Purranque,Atlas,piezas grandes,geometrico,pierna,pequeno,75000,2026-06-18,manana,pendiente,0,1.25,no,media,14,Idea geometrico en pierna con Atlas
RES-0064,2026-06-08,13:30,Fernanda Araya,+56924915759,WhatsApp,TikTok,Osorno,Lina Dot,minimalista,fine line,tobillo,mediano,85000,2026-06-11,manana,pendiente,0,2.25,no,media,15,Idea fine line en tobillo con Lina Dot
RES-0065,2026-05-26,10:00,Antonia Miranda,+56913714766,WhatsApp,Instagram,Puerto Octay,Kuro,blackwork,geometrico,antebrazo,mediano,105000,2026-05-29,manana,confirmada,30000,2.25,si,media,48,Idea geometrico en antebrazo con Kuro
RES-0066,2026-05-18,13:00,Bastian Oyarzo,@bastian.oyarzo,Instagram,Instagram,San Pablo,Kuro,blackwork,geometrico color,antebrazo,grande,305000,2026-05-21,mediodia,pendiente,0,5.5,no,alta,51,Idea a color geometrico en antebrazo con Kuro
RES-0067,2026-05-18,15:30,Trinidad Araya,+56974941696,WhatsApp,cliente recurrente,San Pablo,Atlas,piezas grandes,geometrico,espalda,grande,330000,2026-05-21,manana,confirmada,75000,4.5,no,media,96,Idea geometrico en espalda con Atlas
RES-0068,2026-05-21,11:00,Valentina Alvarez,+56940076996,WhatsApp,evento AIEP,San Pablo,Kuro,blackwork,geometrico,antebrazo,pequeno,40000,2026-05-26,tarde,pendiente,0,0.75,si,baja,12,Idea geometrico en antebrazo con Kuro
RES-0069,2026-05-29,10:00,Gabriel Morales,+56978730311,WhatsApp,Instagram,Ovejeria,Rayo,tradicional,lettering,antebrazo,grande,180000,2026-06-02,manana,confirmada,50000,3.5,si,media,62,Idea lettering en antebrazo con Rayo
RES-0070,2026-06-17,15:00,Vicente Espinoza,+56924436460,WhatsApp,TikTok,Purranque,Atlas,piezas grandes,tradicional color,hombro,grande,330000,2026-06-20,manana,confirmada,75000,5.5,no,alta,80,Idea a color tradicional en hombro con Atlas
RES-0071,2026-05-28,14:00,Benjamin Cardenas,+56910227131,WhatsApp,Instagram,San Pablo,Mila Shade,sombras suaves,minimalista,pecho,pequeno,45000,2026-06-02,fin de semana,pendiente,0,1,si,media,13,Idea minimalista en pecho con Mila Shade
RES-0072,2026-05-19,12:30,Diego Morales,+56993112148,WhatsApp,visita directa,Ovejeria,Lina Dot,minimalista,geometrico,costillas,mediano,100000,2026-05-22,tarde,cancelada,0,2.25,si,media,23,Idea geometrico en costillas con Lina Dot
RES-0073,2026-05-14,10:00,Florencia Leiva,+56969191068,WhatsApp,Instagram,Purranque,Nova Ink,fine line,lettering color,espalda,pequeno,40000,2026-05-19,tarde,pendiente,0,0.75,no,baja,12,Idea a color lettering en espalda con Nova Ink
RES-0074,2026-06-05,17:30,Camila Reyes,+56910957647,WhatsApp,visita directa,Rio Negro,Kuro,blackwork,blackwork,cuello,mediano,105000,2026-06-09,fin de semana,pendiente,0,1.75,no,media,19,Idea blackwork en cuello con Kuro
RES-0075,2026-06-02,15:30,Gabriel Bravo,+56935380089,WhatsApp,visita directa,San Pablo,Mila Shade,sombras suaves,minimalista color,hombro,pequeno,50000,2026-06-05,tarde,contactar,0,1,no,alta,12,Idea a color minimalista en hombro con Mila Shade
RES-0076,2026-06-05,17:00,Sebastian Munoz,@sebastian.munoz,Instagram,Google,Osorno,Kuro,blackwork,tradicional,costillas,sesion larga,430000,2026-06-09,fin de semana,confirmada,95000,6,si,baja,100,Idea tradicional en costillas con Kuro
RES-0077,2026-05-24,09:00,Joaquin Godoy,+56921862645,WhatsApp,recomendacion,Purranque,Atlas,piezas grandes,geometrico,muneca,grande,180000,2026-05-27,manana,contactar,0,3.5,si,baja,48,Idea geometrico en muneca con Atlas
RES-0078,2026-05-29,16:30,Sebastian Rojas,@sebastian.rojas,Instagram,TikTok,Rahue,Rayo,tradicional,lettering,pecho,pequeno,40000,2026-06-02,manana,pendiente,0,0.75,si,media,12,Idea lettering en pecho con Rayo
RES-0079,2026-05-15,16:30,Trinidad Godoy,@trinidad.godoy,Instagram,TikTok,Osorno,Kuro,blackwork,tradicional color,pierna,mediano,150000,2026-05-19,fin de semana,contactar,0,2.25,no,media,27,Idea a color tradicional en pierna con Kuro
RES-0080,2026-06-03,12:00,Nicolas Soto,@nicolas.soto,Instagram,Instagram,Puerto Octay,Nova Ink,fine line,minimalista color,costillas,mediano,85000,2026-06-06,mediodia,pendiente,0,1.75,si,media,20,Idea a color minimalista en costillas con Nova Ink
RES-0081,2026-06-14,10:00,Sofia Munoz,+56915711002,WhatsApp,Google,Rio Negro,Atlas,piezas grandes,blackwork,hombro,pequeno,75000,2026-06-17,mediodia,confirmada,25000,1.25,no,baja,38,Idea blackwork en hombro con Atlas
RES-0082,2026-06-07,14:30,Camila Castillo,+56984886321,WhatsApp,Instagram,San Pablo,Nova Ink,fine line,lettering color,brazo,pequeno,40000,2026-06-10,tarde,pendiente,0,1,si,alta,12,Idea a color lettering en brazo con Nova Ink
RES-0083,2026-06-12,15:00,Florencia Munoz,+56984305548,WhatsApp,evento AIEP,Rio Negro,Atlas,piezas grandes,geometrico color,pierna,mediano,160000,2026-06-16,manana,pendiente,0,2.25,si,media,34,Idea a color geometrico en pierna con Atlas
RES-0084,2026-05-31,16:30,Francisca Bravo,@francisca.bravo,Instagram,recomendacion,Ovejeria,Nova Ink,fine line,minimalista,mano/dedos,pequeno,40000,2026-06-03,tarde,pendiente,0,1,si,alta,22,Idea minimalista en mano/dedos con Nova Ink
RES-0085,2026-06-11,14:00,Catalina Espinoza,+56930079635,WhatsApp,TikTok,Purranque,Atlas,piezas grandes,tradicional,mano/dedos,grande,240000,2026-06-16,tarde,confirmada,55000,3.5,si,alta,73,Idea tradicional en mano/dedos con Atlas
RES-0086,2026-05-31,16:30,Agustin Cardenas,@agustin.cardenas,Instagram,recomendacion,Osorno,Rayo,tradicional,lettering,tobillo,sesion larga,260000,2026-06-17,tarde,contactar,0,7,no,media,53,Idea lettering en tobillo con Rayo
RES-0087,2026-06-09,17:00,Gabriel Soto,+56963313052,WhatsApp,Google,Ovejeria,Atlas,piezas grandes,tradicional color,pierna,mediano,170000,2026-06-12,tarde,cancelada,0,2.25,si,media,36,Idea a color tradicional en pierna con Atlas
RES-0088,2026-05-14,14:30,Benjamin Munoz,+56926924083,WhatsApp,cliente recurrente,Francke,Atlas,piezas grandes,blackwork,costillas,pequeno,75000,2026-05-19,mediodia,pendiente,0,1,si,media,31,Idea blackwork en costillas con Atlas
RES-0089,2026-06-05,09:00,Agustin Bravo,+56921758702,WhatsApp,evento AIEP,Rahue,Rayo,tradicional,blackwork color,tobillo,mediano,105000,2026-06-09,tarde,pendiente,0,2.25,si,alta,24,Idea a color blackwork en tobillo con Rayo
RES-0090,2026-05-16,17:00,Emilia Saavedra,+56947355214,WhatsApp,visita directa,Purranque,Rayo,tradicional,blackwork,cuello,mediano,115000,2026-05-19,mediodia,confirmada,30000,1.75,si,media,50,Idea blackwork en cuello con Rayo
RES-0091,2026-06-01,13:30,Felipe Cortes,+56992368967,WhatsApp,recomendacion,Francke,Lina Dot,minimalista,minimalista color,brazo,grande,185000,2026-06-04,fin de semana,pendiente,0,5.5,si,media,45,Idea a color minimalista en brazo con Lina Dot
RES-0092,2026-05-23,11:30,Emilia Mansilla,+56910931565,WhatsApp,cliente recurrente,Ovejeria,Nova Ink,fine line,fine line,tobillo,pequeno,45000,2026-05-26,fin de semana,confirmada,15000,1.25,si,media,49,Idea fine line en tobillo con Nova Ink
RES-0093,2026-06-17,09:30,Benjamin Gallardo,+56962990109,WhatsApp,Instagram,Purranque,Rayo,tradicional,lettering,espalda,mediano,95000,2026-06-20,tarde,confirmada,25000,1.75,si,alta,46,Idea lettering en espalda con Rayo
RES-0094,2026-05-21,17:30,Josefa Rojas,+56940649281,WhatsApp,evento AIEP,Rahue,Nova Ink,fine line,fine line,pecho,grande,210000,2026-05-27,tarde,cancelada,0,4.5,si,media,43,Idea fine line en pecho con Nova Ink
RES-0095,2026-06-19,13:30,Diego Oyarzo,@diego.oyarzo,Instagram,evento AIEP,Purranque,Lina Dot,minimalista,fine line,antebrazo,mediano,85000,2026-06-23,fin de semana,confirmada,30000,2.25,no,media,39,Idea fine line en antebrazo con Lina Dot
RES-0096,2026-06-17,11:00,Valentina Saavedra,@valentina.saavedra,Instagram,TikTok,San Pablo,Kuro,blackwork,blackwork,espalda,mediano,150000,2026-06-20,manana,reagendada,0,2.25,no,media,27,Idea blackwork en espalda con Kuro
RES-0097,2026-06-15,14:30,Martina Miranda,+56952698853,WhatsApp,Instagram,Rio Negro,Mila Shade,sombras suaves,fine line,mano/dedos,mediano,120000,2026-06-18,tarde,confirmada,35000,3,si,baja,51,Idea fine line en mano/dedos con Mila Shade
RES-0098,2026-05-20,16:30,Lucas Vargas,+56924363131,WhatsApp,evento AIEP,Ovejeria,Lina Dot,minimalista,fine line,antebrazo,grande,180000,2026-05-23,mediodia,pendiente,0,4.5,no,baja,33,Idea fine line en antebrazo con Lina Dot
RES-0099,2026-05-31,10:30,Florencia Espinoza,+56946287159,WhatsApp,cliente recurrente,Rahue,Nova Ink,fine line,minimalista,pecho,pequeno,40000,2026-06-03,tarde,reagendada,0,1,no,media,19,Idea minimalista en pecho con Nova Ink
RES-0100,2026-06-10,17:00,Vicente Morales,+56933784801,WhatsApp,Google,Purranque,Nova Ink,fine line,minimalista color,cuello,mediano,160000,2026-06-13,tarde,contactar,0,3,si,alta,34,Idea a color minimalista en cuello con Nova Ink
RES-0101,2026-05-20,09:00,Valentina Saavedra,+56995725710,WhatsApp,Instagram,Francke,Lina Dot,minimalista,geometrico,muneca,mediano,85000,2026-05-23,tarde,pendiente,0,1.75,si,alta,20,Idea geometrico en muneca con Lina Dot
RES-0102,2026-06-14,11:30,Benjamin Morales,@benjamin.morales,Instagram,Instagram,Rio Negro,Lina Dot,minimalista,geometrico,pierna,grande,190000,2026-06-17,manana,pendiente,0,5.5,no,baja,31,Idea geometrico en pierna con Lina Dot
RES-0103,2026-05-16,11:00,Tomas Alvarez,@tomas.alvarez,Instagram,TikTok,Rahue,Kuro,blackwork,geometrico,muneca,sesion larga,265000,2026-06-05,fin de semana,pendiente,0,7,si,alta,49,Idea geometrico en muneca con Kuro
RES-0104,2026-06-05,17:30,Javiera Cortes,+56976499611,WhatsApp,evento AIEP,Osorno,Lina Dot,minimalista,geometrico,espalda,pequeno,40000,2026-06-09,tarde,confirmada,15000,0.75,no,baja,31,Idea geometrico en espalda con Lina Dot
RES-0105,2026-06-01,09:00,Florencia Oyarzo,+56994589235,WhatsApp,recomendacion,Rio Negro,Atlas,piezas grandes,tradicional,pecho,mediano,165000,2026-06-04,mediodia,confirmada,45000,2.25,si,media,69,Idea tradicional en pecho con Atlas
RES-0106,2026-06-04,12:30,Fernanda Miranda,+56926265164,WhatsApp,Instagram,San Pablo,Rayo,tradicional,tradicional,tobillo,mediano,115000,2026-06-09,mediodia,pendiente,0,3,no,media,21,Idea tradicional en tobillo con Rayo
RES-0107,2026-06-07,12:30,Javiera Reyes,@javiera.reyes,Instagram,Instagram,Puerto Octay,Nova Ink,fine line,fine line,pierna,pequeno,40000,2026-06-10,fin de semana,pendiente,0,1,si,alta,12,Idea fine line en pierna con Nova Ink
RES-0108,2026-06-12,12:30,Constanza Reyes,+56986752378,WhatsApp,TikTok,Rahue,Nova Ink,fine line,minimalista,antebrazo,grande,180000,2026-06-16,tarde,pendiente,0,4.5,si,alta,38,Idea minimalista en antebrazo con Nova Ink
RES-0109,2026-06-17,16:30,Francisca Araya,@francisca.araya,Instagram,evento AIEP,Purranque,Mila Shade,sombras suaves,fine line,antebrazo,mediano,105000,2026-06-20,manana,pendiente,0,3,si,baja,24,Idea fine line en antebrazo con Mila Shade
RES-0110,2026-05-13,09:00,Diego Vera,+56950330152,WhatsApp,recomendacion,Rahue,Kuro,blackwork,geometrico,hombro,mediano,165000,2026-05-16,tarde,confirmada,45000,3,no,baja,64,Idea geometrico en hombro con Kuro
RES-0111,2026-06-08,12:30,Agustin Oyarzo,@agustin.oyarzo,Instagram,Instagram,Rahue,Lina Dot,minimalista,fine line,costillas,mediano,85000,2026-06-11,fin de semana,pendiente,0,1.75,si,alta,20,Idea fine line en costillas con Lina Dot
RES-0112,2026-06-17,15:00,Felipe Reyes,+56967084878,WhatsApp,Instagram,Rahue,Mila Shade,sombras suaves,minimalista,costillas,mediano,85000,2026-06-20,mediodia,pendiente,0,1.75,no,media,15,Idea minimalista en costillas con Mila Shade
RES-0113,2026-05-31,14:00,Catalina Araya,@catalina.araya,Instagram,Instagram,Ovejeria,Lina Dot,minimalista,geometrico,hombro,mediano,85000,2026-06-03,tarde,confirmada,30000,1.75,si,alta,44,Idea geometrico en hombro con Lina Dot
RES-0114,2026-06-07,17:00,Valentina Soto,+56947128146,WhatsApp,TikTok,San Pablo,Rayo,tradicional,tradicional color,tobillo,grande,230000,2026-06-10,fin de semana,pendiente,0,4.5,si,media,47,Idea a color tradicional en tobillo con Rayo
RES-0115,2026-05-31,15:00,Camila Soto,+56951969920,WhatsApp,recomendacion,Ovejeria,Kuro,blackwork,geometrico,pecho,mediano,170000,2026-06-03,tarde,confirmada,50000,3,si,alta,70,Idea geometrico en pecho con Kuro
RES-0116,2026-06-06,11:30,Nicolas Soto,+56917935137,WhatsApp,Instagram,Francke,Mila Shade,sombras suaves,minimalista,pierna,grande,180000,2026-06-09,fin de semana,pendiente,0,3.5,no,media,33,Idea minimalista en pierna con Mila Shade
RES-0117,2026-05-17,13:00,Tomas Godoy,+56922643510,WhatsApp,visita directa,Francke,Mila Shade,sombras suaves,minimalista,muneca,grande,180000,2026-05-20,mediodia,pendiente,0,3.5,si,media,38,Idea minimalista en muneca con Mila Shade
RES-0118,2026-06-07,11:00,Sebastian Rojas,+56979035087,WhatsApp,cliente recurrente,Osorno,Nova Ink,fine line,minimalista color,muneca,mediano,85000,2026-06-10,mediodia,confirmada,30000,2.25,no,baja,51,Idea a color minimalista en muneca con Nova Ink
RES-0119,2026-05-20,12:30,Isidora Mansilla,@isidora.mansilla,Instagram,evento AIEP,Francke,Nova Ink,fine line,minimalista,pecho,sesion larga,260000,2026-05-23,tarde,confirmada,55000,5,si,baja,76,Idea minimalista en pecho con Nova Ink
RES-0120,2026-06-14,09:30,Francisca Mansilla,+56991996265,WhatsApp,Google,Francke,Atlas,piezas grandes,blackwork,pierna,mediano,130000,2026-06-17,fin de semana,pendiente,0,2.25,si,baja,29,Idea blackwork en pierna con Atlas
RES-0121,2026-05-20,16:30,Tomas Bravo,+56976541734,WhatsApp,Instagram,Rahue,Nova Ink,fine line,minimalista,hombro,pequeno,45000,2026-05-23,tarde,confirmada,15000,1.25,si,baja,37,Idea minimalista en hombro con Nova Ink
RES-0122,2026-06-05,12:00,Javiera Saavedra,+56953542677,WhatsApp,cliente recurrente,San Pablo,Mila Shade,sombras suaves,fine line,cuello,pequeno,60000,2026-06-09,mediodia,confirmada,20000,1.25,si,media,52,Idea fine line en cuello con Mila Shade
RES-0123,2026-05-15,12:30,Joaquin Vargas,+56957793245,WhatsApp,Instagram,Osorno,Atlas,piezas grandes,blackwork,cuello,mediano,130000,2026-05-19,tarde,confirmada,35000,1.75,si,baja,53,Idea blackwork en cuello con Atlas
RES-0124,2026-05-23,13:30,Gabriel Miranda,+56962394547,WhatsApp,TikTok,Puerto Octay,Mila Shade,sombras suaves,fine line color,pierna,mediano,85000,2026-05-26,tarde,pendiente,0,1.75,si,media,20,Idea a color fine line en pierna con Mila Shade
RES-0125,2026-06-18,11:00,Diego Cortes,+56930412608,WhatsApp,TikTok,Puerto Octay,Lina Dot,minimalista,geometrico,muneca,grande,180000,2026-06-24,fin de semana,pendiente,0,5.5,no,alta,29,Idea geometrico en muneca con Lina Dot
RES-0126,2026-05-16,15:30,Josefa Gallardo,+56959018356,WhatsApp,recomendacion,Rahue,Mila Shade,sombras suaves,geometrico color,hombro,grande,275000,2026-05-19,mediodia,confirmada,60000,5.5,no,alta,80,Idea a color geometrico en hombro con Mila Shade
RES-0127,2026-06-02,14:00,Emilia Miranda,+56955211499,WhatsApp,Instagram,Ovejeria,Rayo,tradicional,blackwork,costillas,grande,225000,2026-06-05,tarde,confirmada,50000,3.5,si,media,70,Idea blackwork en costillas con Rayo
RES-0128,2026-05-31,10:30,Bastian Miranda,+56949988179,WhatsApp,Instagram,Purranque,Lina Dot,minimalista,geometrico,antebrazo,pequeno,40000,2026-06-03,fin de semana,confirmada,15000,0.75,no,media,31,Idea geometrico en antebrazo con Lina Dot
RES-0129,2026-06-04,12:30,Constanza Araya,@constanza.araya,Instagram,Google,Osorno,Lina Dot,minimalista,minimalista,brazo,mediano,100000,2026-06-10,manana,pendiente,0,3,no,alta,18,Idea minimalista en brazo con Lina Dot
RES-0130,2026-05-19,10:30,Isidora Leiva,@isidora.leiva,Instagram,Instagram,Osorno,Kuro,blackwork,blackwork,pierna,mediano,170000,2026-05-22,tarde,pendiente,0,3,si,baja,36,Idea blackwork en pierna con Kuro
RES-0131,2026-05-30,16:00,Camila Munoz,+56933038535,WhatsApp,visita directa,Purranque,Nova Ink,fine line,minimalista,pierna,mediano,85000,2026-06-02,manana,confirmada,30000,2.25,si,baja,44,Idea minimalista en pierna con Nova Ink
RES-0132,2026-06-06,10:30,Catalina Reyes,+56991390740,WhatsApp,Instagram,Francke,Lina Dot,minimalista,minimalista,costillas,pequeno,40000,2026-06-09,tarde,confirmada,15000,0.75,si,media,36,Idea minimalista en costillas con Lina Dot
RES-0133,2026-05-17,09:00,Joaquin Oyarzo,+56977328161,WhatsApp,Google,San Pablo,Atlas,piezas grandes,geometrico color,brazo,pequeno,60000,2026-05-20,manana,cancelada,0,1,si,media,16,Idea a color geometrico en brazo con Atlas
RES-0134,2026-05-24,15:30,Cristobal Carrasco,@cristobal.carrasco,Instagram,recomendacion,Osorno,Lina Dot,minimalista,minimalista,hombro,pequeno,40000,2026-05-27,manana,pendiente,0,1.25,si,alta,22,Idea minimalista en hombro con Lina Dot
RES-0135,2026-06-17,17:00,Joaquin Morales,+56960308157,WhatsApp,evento AIEP,Rio Negro,Rayo,tradicional,blackwork,muneca,grande,235000,2026-06-23,tarde,confirmada,50000,5.5,si,media,68,Idea blackwork en muneca con Rayo
RES-0136,2026-05-21,15:00,Isidora Alvarez,+56969082598,WhatsApp,cliente recurrente,Francke,Kuro,blackwork,tradicional color,muneca,sesion larga,260000,2026-05-26,tarde,pendiente,0,5,si,media,64,Idea a color tradicional en muneca con Kuro
RES-0137,2026-06-06,13:00,Florencia Araya,@florencia.araya,Instagram,evento AIEP,Rahue,Atlas,piezas grandes,geometrico,cuello,mediano,135000,2026-06-09,manana,cancelada,0,2.25,no,baja,25,Idea geometrico en cuello con Atlas
RES-0138,2026-05-14,12:00,Valentina Godoy,@valentina.godoy,Instagram,evento AIEP,Puerto Octay,Lina Dot,minimalista,fine line,brazo,mediano,85000,2026-05-19,tarde,pendiente,0,2.25,si,media,20,Idea fine line en brazo con Lina Dot
RES-0139,2026-05-17,12:00,Maximiliano Oyarzo,+56962823538,WhatsApp,Instagram,San Pablo,Mila Shade,sombras suaves,geometrico color,pierna,mediano,150000,2026-05-20,mediodia,confirmada,40000,3,si,media,56,Idea a color geometrico en pierna con Mila Shade
RES-0140,2026-06-15,10:00,Emilia Cardenas,+56973283343,WhatsApp,visita directa,Osorno,Lina Dot,minimalista,geometrico,antebrazo,grande,180000,2026-06-18,tarde,pendiente,0,3.5,no,media,33,Idea geometrico en antebrazo con Lina Dot
RES-0141,2026-05-26,13:00,Valentina Cortes,@valentina.cortes,Instagram,Instagram,Francke,Mila Shade,sombras suaves,geometrico,brazo,mediano,85000,2026-05-29,fin de semana,pendiente,0,1.75,no,alta,15,Idea geometrico en brazo con Mila Shade
RES-0142,2026-06-13,14:00,Constanza Paredes,+56969144362,WhatsApp,recomendacion,Puerto Octay,Nova Ink,fine line,fine line,costillas,pequeno,55000,2026-06-16,tarde,confirmada,20000,1.25,si,media,49,Idea fine line en costillas con Nova Ink
RES-0143,2026-06-17,12:00,Matias Reyes,+56935950767,WhatsApp,Instagram,Francke,Atlas,piezas grandes,geometrico,cuello,mediano,160000,2026-06-23,fin de semana,contactar,0,2.25,si,media,34,Idea geometrico en cuello con Atlas
RES-0144,2026-05-15,15:00,Constanza Carrasco,+56998206328,WhatsApp,Instagram,Puerto Octay,Mila Shade,sombras suaves,minimalista,pierna,sesion larga,260000,2026-05-21,tarde,pendiente,0,5,si,media,52,Idea minimalista en pierna con Mila Shade
RES-0145,2026-05-15,14:30,Martina Gallardo,+56918851367,WhatsApp,Google,Puerto Octay,Mila Shade,sombras suaves,geometrico,cuello,pequeno,70000,2026-05-20,tarde,confirmada,25000,1.25,si,media,42,Idea geometrico en cuello con Mila Shade
RES-0146,2026-05-30,13:30,Javiera Mansilla,@javiera.mansilla,Instagram,cliente recurrente,Francke,Atlas,piezas grandes,tradicional color,muneca,mediano,170000,2026-06-02,mediodia,confirmada,50000,3,si,media,72,Idea a color tradicional en muneca con Atlas
RES-0147,2026-06-10,10:00,Tomas Bravo,+56977443428,WhatsApp,recomendacion,Rio Negro,Lina Dot,minimalista,fine line,brazo,mediano,85000,2026-06-13,tarde,confirmada,30000,2.25,si,baja,54,Idea fine line en brazo con Lina Dot
RES-0148,2026-05-17,15:30,Matias Soto,@matias.soto,Instagram,visita directa,Purranque,Lina Dot,minimalista,fine line,hombro,sesion larga,260000,2026-05-20,fin de semana,confirmada,55000,5,no,media,71,Idea fine line en hombro con Lina Dot
RES-0149,2026-05-20,16:30,Nicolas Vera,+56975465011,WhatsApp,recomendacion,Francke,Rayo,tradicional,lettering,cuello,pequeno,45000,2026-05-23,tarde,confirmada,15000,1,si,media,47,Idea lettering en cuello con Rayo
RES-0150,2026-06-13,12:30,Tomas Alvarez,+56996090731,WhatsApp,Instagram,Francke,Rayo,tradicional,lettering,hombro,pequeno,55000,2026-06-16,tarde,pendiente,0,1.25,si,media,15,Idea lettering en hombro con Rayo
RES-0151,2026-05-27,12:30,Francisca Navarro,+56919921753,WhatsApp,recomendacion,Ovejeria,Atlas,piezas grandes,blackwork,antebrazo,pequeno,65000,2026-05-30,tarde,pendiente,0,1.25,si,media,27,Idea blackwork en antebrazo con Atlas
RES-0152,2026-05-25,16:00,Diego Oyarzo,+56989348034,WhatsApp,cliente recurrente,Osorno,Mila Shade,sombras suaves,minimalista,hombro,mediano,85000,2026-05-28,manana,pendiente,0,1.75,si,media,32,Idea minimalista en hombro con Mila Shade
RES-0153,2026-05-17,10:00,Renata Vargas,+56998077121,WhatsApp,visita directa,Rahue,Atlas,piezas grandes,blackwork,hombro,mediano,100000,2026-05-21,tarde,pendiente,0,1.75,si,baja,23,Idea blackwork en hombro con Atlas
RES-0154,2026-06-09,16:30,Catalina Mansilla,+56976562286,WhatsApp,Google,Rahue,Lina Dot,minimalista,minimalista color,hombro,mediano,85000,2026-06-12,tarde,pendiente,0,1.75,si,baja,20,Idea a color minimalista en hombro con Lina Dot
RES-0155,2026-05-24,09:00,Isidora Bravo,@isidora.bravo,Instagram,Instagram,Purranque,Atlas,piezas grandes,geometrico,mano/dedos,mediano,140000,2026-05-27,manana,confirmada,40000,2.25,si,alta,54,Idea geometrico en mano/dedos con Atlas
RES-0156,2026-05-24,14:00,Joaquin Alvarez,@joaquin.alvarez,Instagram,TikTok,Rahue,Nova Ink,fine line,fine line color,cuello,mediano,120000,2026-05-27,fin de semana,pendiente,0,2.25,si,alta,27,Idea a color fine line en cuello con Nova Ink
RES-0157,2026-05-31,16:30,Florencia Carrasco,+56913286209,WhatsApp,TikTok,Puerto Octay,Lina Dot,minimalista,geometrico,pecho,grande,180000,2026-06-03,tarde,pendiente,0,3.5,si,media,38,Idea geometrico en pecho con Lina Dot
RES-0158,2026-06-18,11:00,Josefa Vera,+56922357636,WhatsApp,cliente recurrente,Ovejeria,Kuro,blackwork,blackwork,costillas,mediano,170000,2026-06-23,fin de semana,confirmada,50000,3,no,media,67,Idea blackwork en costillas con Kuro
RES-0159,2026-05-26,15:30,Josefa Vera,+56993847737,WhatsApp,TikTok,Puerto Octay,Kuro,blackwork,geometrico,tobillo,mediano,85000,2026-05-29,tarde,confirmada,30000,1.75,si,baja,44,Idea geometrico en tobillo con Kuro
RES-0160,2026-05-24,15:00,Agustin Araya,+56927026964,WhatsApp,TikTok,Rahue,Mila Shade,sombras suaves,geometrico,mano/dedos,grande,205000,2026-05-27,manana,confirmada,45000,4.5,si,media,66,Idea geometrico en mano/dedos con Mila Shade
RES-0161,2026-06-19,14:00,Valentina Leiva,+56967330965,WhatsApp,cliente recurrente,Purranque,Mila Shade,sombras suaves,geometrico,costillas,pequeno,40000,2026-06-23,tarde,pendiente,0,0.75,si,media,24,Idea geometrico en costillas con Mila Shade
RES-0162,2026-06-10,09:00,Fernanda Leiva,+56972471368,WhatsApp,recomendacion,Puerto Octay,Rayo,tradicional,blackwork,muneca,mediano,85000,2026-06-13,tarde,confirmada,30000,1.75,no,media,49,Idea blackwork en muneca con Rayo
RES-0163,2026-06-08,17:30,Maximiliano Castillo,+56930778165,WhatsApp,Google,Rio Negro,Atlas,piezas grandes,tradicional,brazo,mediano,100000,2026-06-11,tarde,cancelada,0,1.75,no,baja,18,Idea tradicional en brazo con Atlas
RES-0164,2026-05-25,17:00,Antonia Carrasco,+56971351442,WhatsApp,Instagram,Rahue,Mila Shade,sombras suaves,minimalista color,brazo,pequeno,40000,2026-05-28,tarde,confirmada,15000,0.75,si,alta,36,Idea a color minimalista en brazo con Mila Shade
RES-0165,2026-05-27,13:00,Francisca Alvarez,+56989580142,WhatsApp,TikTok,San Pablo,Lina Dot,minimalista,minimalista,hombro,pequeno,40000,2026-05-30,tarde,pendiente,0,0.75,si,media,12,Idea minimalista en hombro con Lina Dot
RES-0166,2026-05-16,13:30,Isidora Vargas,+56933299701,WhatsApp,recomendacion,Puerto Octay,Lina Dot,minimalista,geometrico,espalda,mediano,110000,2026-05-19,tarde,contactar,0,2.25,no,media,30,Idea geometrico en espalda con Lina Dot
RES-0167,2026-05-18,14:00,Nicolas Espinoza,+56981493118,WhatsApp,TikTok,Purranque,Rayo,tradicional,lettering,brazo,grande,190000,2026-05-21,tarde,pendiente,0,4.5,si,media,40,Idea lettering en brazo con Rayo
RES-0168,2026-05-23,14:00,Florencia Alvarez,+56989690015,WhatsApp,TikTok,San Pablo,Atlas,piezas grandes,blackwork,pecho,mediano,160000,2026-05-26,tarde,pendiente,0,2.25,si,media,34,Idea blackwork en pecho con Atlas
RES-0169,2026-05-18,16:30,Josefa Navarro,@josefa.navarro,Instagram,Instagram,Puerto Octay,Rayo,tradicional,tradicional color,hombro,grande,290000,2026-05-21,mediodia,contactar,0,5.5,no,media,49,Idea a color tradicional en hombro con Rayo
RES-0170,2026-05-29,17:00,Florencia Reyes,+56928603057,WhatsApp,TikTok,Purranque,Rayo,tradicional,tradicional color,pierna,pequeno,50000,2026-06-02,fin de semana,confirmada,20000,0.75,no,alta,33,Idea a color tradicional en pierna con Rayo
RES-0171,2026-06-06,17:00,Florencia Godoy,@florencia.godoy,Instagram,TikTok,Osorno,Rayo,tradicional,blackwork,pierna,mediano,160000,2026-06-09,tarde,confirmada,45000,3,no,baja,53,Idea blackwork en pierna con Rayo
RES-0172,2026-06-13,12:00,Trinidad Navarro,+56942097217,WhatsApp,visita directa,Ovejeria,Nova Ink,fine line,fine line,hombro,grande,195000,2026-06-17,fin de semana,confirmada,55000,5.5,si,alta,60,Idea fine line en hombro con Nova Ink
RES-0173,2026-06-02,17:30,Lucas Espinoza,+56996551717,WhatsApp,Instagram,Rahue,Atlas,piezas grandes,geometrico color,mano/dedos,mediano,150000,2026-06-05,mediodia,confirmada,40000,2.25,si,media,56,Idea a color geometrico en mano/dedos con Atlas
RES-0174,2026-05-29,17:30,Bastian Alvarez,+56917453018,WhatsApp,cliente recurrente,Rio Negro,Atlas,piezas grandes,geometrico,tobillo,grande,190000,2026-06-03,fin de semana,confirmada,55000,4.5,si,baja,76,Idea geometrico en tobillo con Atlas
RES-0175,2026-05-22,10:00,Agustin Vargas,+56969146787,WhatsApp,visita directa,Rio Negro,Kuro,blackwork,blackwork,muneca,mediano,90000,2026-05-26,manana,confirmada,25000,2.25,si,media,45,Idea blackwork en muneca con Kuro
RES-0176,2026-06-06,11:30,Cristobal Soto,+56911863621,WhatsApp,TikTok,Francke,Lina Dot,minimalista,geometrico,mano/dedos,pequeno,50000,2026-06-10,mediodia,contactar,0,1.25,si,media,14,Idea geometrico en mano/dedos con Lina Dot
RES-0177,2026-05-17,13:30,Maximiliano Paredes,+56919509093,WhatsApp,recomendacion,Ovejeria,Lina Dot,minimalista,geometrico color,pierna,mediano,85000,2026-05-21,fin de semana,contactar,0,1.75,si,alta,30,Idea a color geometrico en pierna con Lina Dot
RES-0178,2026-05-19,12:30,Matias Miranda,+56955998955,WhatsApp,TikTok,Rahue,Kuro,blackwork,geometrico color,cuello,grande,230000,2026-05-22,tarde,confirmada,50000,3.5,si,media,71,Idea a color geometrico en cuello con Kuro
RES-0179,2026-06-05,15:00,Antonia Munoz,+56932439079,WhatsApp,TikTok,Puerto Octay,Atlas,piezas grandes,geometrico color,espalda,sesion larga,440000,2026-06-09,manana,confirmada,95000,6,no,baja,100,Idea a color geometrico en espalda con Atlas
RES-0180,2026-05-20,15:30,Agustin Saavedra,@agustin.saavedra,Instagram,Instagram,Rahue,Atlas,piezas grandes,blackwork color,muneca,mediano,130000,2026-05-23,tarde,pendiente,0,2.25,no,media,24,Idea a color blackwork en muneca con Atlas
RES-0181,2026-06-02,16:30,Lucas Godoy,+56941773472,WhatsApp,evento AIEP,Puerto Octay,Rayo,tradicional,tradicional,costillas,pequeno,80000,2026-06-05,tarde,confirmada,30000,1.25,no,baja,39,Idea tradicional en costillas con Rayo
RES-0182,2026-05-25,15:00,Trinidad Gallardo,+56943532590,WhatsApp,cliente recurrente,Rahue,Rayo,tradicional,blackwork,hombro,mediano,85000,2026-05-28,mediodia,pendiente,0,1.75,no,media,27,Idea blackwork en hombro con Rayo
RES-0183,2026-06-08,17:00,Matias Soto,+56962363776,WhatsApp,cliente recurrente,Rio Negro,Atlas,piezas grandes,tradicional,pierna,grande,215000,2026-06-11,fin de semana,pendiente,0,3.5,si,media,56,Idea tradicional en pierna con Atlas
RES-0184,2026-06-13,15:00,Diego Araya,@diego.araya,Instagram,Instagram,Francke,Rayo,tradicional,lettering,hombro,grande,180000,2026-06-16,tarde,contactar,0,3.5,si,alta,38,Idea lettering en hombro con Rayo
RES-0185,2026-06-01,16:30,Francisca Gallardo,+56948394236,WhatsApp,evento AIEP,San Pablo,Lina Dot,minimalista,geometrico color,mano/dedos,pequeno,40000,2026-06-04,mediodia,pendiente,0,0.75,si,media,12,Idea a color geometrico en mano/dedos con Lina Dot
RES-0186,2026-06-14,12:30,Matias Alvarez,+56998786094,WhatsApp,TikTok,Francke,Lina Dot,minimalista,minimalista color,tobillo,pequeno,40000,2026-06-17,tarde,confirmada,15000,1,no,alta,31,Idea a color minimalista en tobillo con Lina Dot
RES-0187,2026-06-02,12:30,Sebastian Rojas,@sebastian.rojas,Instagram,recomendacion,Osorno,Rayo,tradicional,tradicional color,pecho,grande,330000,2026-06-10,fin de semana,confirmada,75000,5.5,no,baja,90,Idea a color tradicional en pecho con Rayo
RES-0188,2026-06-12,11:30,Nicolas Oyarzo,+56936408111,WhatsApp,visita directa,San Pablo,Kuro,blackwork,geometrico color,espalda,grande,330000,2026-06-16,tarde,pendiente,0,5.5,si,media,61,Idea a color geometrico en espalda con Kuro
RES-0189,2026-05-30,11:00,Nicolas Vargas,@nicolas.vargas,Instagram,Instagram,San Pablo,Kuro,blackwork,tradicional,hombro,mediano,115000,2026-06-02,mediodia,contactar,0,2.25,si,media,26,Idea tradicional en hombro con Kuro
RES-0190,2026-05-20,13:00,Diego Vargas,+56938350235,WhatsApp,evento AIEP,San Pablo,Atlas,piezas grandes,geometrico color,muneca,grande,250000,2026-05-23,manana,confirmada,55000,4.5,no,alta,69,Idea a color geometrico en muneca con Atlas
RES-0191,2026-06-09,17:30,Josefa Rojas,+56955798679,WhatsApp,TikTok,Osorno,Rayo,tradicional,tradicional color,mano/dedos,mediano,170000,2026-06-12,tarde,pendiente,0,3,no,media,31,Idea a color tradicional en mano/dedos con Rayo
RES-0192,2026-05-14,09:30,Camila Godoy,+56961276973,WhatsApp,evento AIEP,Rio Negro,Lina Dot,minimalista,geometrico,pecho,mediano,145000,2026-05-19,mediodia,pendiente,0,3,si,media,31,Idea geometrico en pecho con Lina Dot
RES-0193,2026-06-07,11:30,Camila Oyarzo,+56927122989,WhatsApp,visita directa,Rahue,Kuro,blackwork,geometrico,muneca,mediano,90000,2026-06-10,fin de semana,pendiente,0,2.25,si,media,21,Idea geometrico en muneca con Kuro
RES-0194,2026-05-14,12:30,Catalina Bravo,+56951956259,WhatsApp,TikTok,Purranque,Kuro,blackwork,tradicional,costillas,mediano,160000,2026-05-19,mediodia,pendiente,0,2.25,no,baja,29,Idea tradicional en costillas con Kuro
RES-0195,2026-05-14,09:00,Bastian Soto,+56913443690,WhatsApp,TikTok,Ovejeria,Kuro,blackwork,geometrico color,hombro,mediano,135000,2026-05-19,fin de semana,confirmada,40000,2.25,no,alta,49,Idea a color geometrico en hombro con Kuro
RES-0196,2026-06-12,09:00,Camila Miranda,@camila.miranda,Instagram,cliente recurrente,Osorno,Kuro,blackwork,tradicional color,tobillo,pequeno,40000,2026-06-16,manana,confirmada,15000,0.75,si,alta,48,Idea a color tradicional en tobillo con Kuro
RES-0197,2026-06-15,17:00,Florencia Reyes,@florencia.reyes,Instagram,recomendacion,Purranque,Nova Ink,fine line,lettering color,tobillo,pequeno,45000,2026-06-18,mediodia,pendiente,0,1.25,si,media,23,Idea a color lettering en tobillo con Nova Ink
RES-0198,2026-05-24,11:00,Gabriel Cortes,+56926023420,WhatsApp,TikTok,San Pablo,Atlas,piezas grandes,tradicional,cuello,grande,330000,2026-05-27,manana,contactar,0,4.5,no,baja,60,Idea tradicional en cuello con Atlas
RES-0199,2026-05-26,10:00,Lucas Mansilla,+56947440503,WhatsApp,Instagram,San Pablo,Atlas,piezas grandes,blackwork,muneca,mediano,135000,2026-05-29,manana,confirmada,40000,3,no,media,49,Idea blackwork en muneca con Atlas
RES-0200,2026-06-03,14:30,Fernanda Araya,+56939949715,WhatsApp,Google,San Pablo,Nova Ink,fine line,fine line,brazo,mediano,85000,2026-06-06,tarde,confirmada,30000,1.75,no,alta,39,Idea fine line en brazo con Nova Ink
RES-0201,2026-05-21,13:00,Renata Cortes,@renata.cortes,Instagram,TikTok,Puerto Octay,Mila Shade,sombras suaves,fine line color,pecho,mediano,170000,2026-05-26,manana,contactar,0,3,no,baja,31,Idea a color fine line en pecho con Mila Shade
RES-0202,2026-06-12,13:00,Josefa Cortes,+56954608366,WhatsApp,Google,Purranque,Rayo,tradicional,blackwork,espalda,mediano,115000,2026-06-16,manana,confirmada,30000,1.75,si,alta,50,Idea blackwork en espalda con Rayo
RES-0203,2026-05-28,16:00,Vicente Bravo,+56964242201,WhatsApp,recomendacion,Rio Negro,Lina Dot,minimalista,geometrico,brazo,sesion larga,260000,2026-06-02,tarde,pendiente,0,6,si,baja,58,Idea geometrico en brazo con Lina Dot
RES-0204,2026-06-01,12:00,Constanza Morales,@constanza.morales,Instagram,evento AIEP,Puerto Octay,Mila Shade,sombras suaves,minimalista,cuello,sesion larga,260000,2026-06-04,tarde,pendiente,0,5,si,alta,52,Idea minimalista en cuello con Mila Shade
RES-0205,2026-05-16,09:00,Gabriel Oyarzo,+56934086435,WhatsApp,recomendacion,Rahue,Lina Dot,minimalista,minimalista color,tobillo,pequeno,40000,2026-05-19,tarde,cancelada,0,1,si,media,22,Idea a color minimalista en tobillo con Lina Dot
RES-0206,2026-06-09,10:30,Florencia Paredes,+56955259877,WhatsApp,Google,Osorno,Kuro,blackwork,blackwork,antebrazo,mediano,105000,2026-06-12,manana,cancelada,0,2.25,si,alta,24,Idea blackwork en antebrazo con Kuro
RES-0207,2026-06-16,17:00,Bastian Paredes,@bastian.paredes,Instagram,visita directa,Purranque,Lina Dot,minimalista,geometrico,antebrazo,mediano,85000,2026-06-19,manana,confirmada,30000,1.75,no,media,39,Idea geometrico en antebrazo con Lina Dot
RES-0208,2026-06-19,09:30,Camila Bravo,@camila.bravo,Instagram,Instagram,Ovejeria,Lina Dot,minimalista,geometrico,hombro,mediano,85000,2026-06-23,tarde,reagendada,0,1.75,si,media,20,Idea geometrico en hombro con Lina Dot
RES-0209,2026-05-23,16:00,Francisca Navarro,+56968255631,WhatsApp,evento AIEP,San Pablo,Kuro,blackwork,tradicional,brazo,mediano,95000,2026-05-26,manana,confirmada,25000,1.75,si,alta,46,Idea tradicional en brazo con Kuro
RES-0210,2026-06-02,11:30,Benjamin Mansilla,+56940802656,WhatsApp,evento AIEP,Puerto Octay,Nova Ink,fine line,fine line,hombro,mediano,90000,2026-06-05,tarde,contactar,0,2.25,no,media,16,Idea fine line en hombro con Nova Ink
RES-0211,2026-06-07,15:00,Antonia Navarro,+56913741234,WhatsApp,cliente recurrente,Ovejeria,Rayo,tradicional,blackwork,mano/dedos,grande,205000,2026-06-11,tarde,contactar,0,3.5,si,media,54,Idea blackwork en mano/dedos con Rayo
RES-0212,2026-06-15,15:30,Fernanda Reyes,@fernanda.reyes,Instagram,cliente recurrente,Rio Negro,Lina Dot,minimalista,fine line,espalda,pequeno,40000,2026-06-18,tarde,pendiente,0,1,no,media,19,Idea fine line en espalda con Lina Dot
RES-0213,2026-06-18,14:30,Gabriel Bravo,@gabriel.bravo,Instagram,evento AIEP,Puerto Octay,Lina Dot,minimalista,fine line,espalda,sesion larga,275000,2026-06-24,tarde,cancelada,0,6,si,media,51,Idea fine line en espalda con Lina Dot
RES-0214,2026-05-31,10:30,Bastian Vargas,+56983670607,WhatsApp,TikTok,Rio Negro,Atlas,piezas grandes,geometrico color,muneca,mediano,105000,2026-06-03,tarde,pendiente,0,2.25,no,alta,19,Idea a color geometrico en muneca con Atlas
RES-0215,2026-05-15,15:30,Felipe Rojas,+56962640899,WhatsApp,cliente recurrente,Osorno,Rayo,tradicional,blackwork,cuello,pequeno,40000,2026-05-19,mediodia,confirmada,15000,0.75,si,alta,48,Idea blackwork en cuello con Rayo
RES-0216,2026-06-07,13:30,Isidora Espinoza,@isidora.espinoza,Instagram,visita directa,Rio Negro,Kuro,blackwork,tradicional,cuello,grande,200000,2026-06-10,manana,contactar,0,3.5,si,media,41,Idea tradicional en cuello con Kuro
RES-0217,2026-06-12,09:00,Bastian Leiva,@bastian.leiva,Instagram,TikTok,Ovejeria,Rayo,tradicional,blackwork,antebrazo,pequeno,60000,2026-06-16,tarde,confirmada,20000,1.25,si,media,40,Idea blackwork en antebrazo con Rayo
RES-0218,2026-05-18,15:30,Constanza Castillo,+56997141157,WhatsApp,TikTok,Puerto Octay,Nova Ink,fine line,fine line,antebrazo,sesion larga,260000,2026-05-21,manana,confirmada,55000,5,no,alta,71,Idea fine line en antebrazo con Nova Ink
RES-0219,2026-06-10,11:30,Joaquin Morales,@joaquin.morales,Instagram,Google,Francke,Kuro,blackwork,tradicional color,brazo,mediano,150000,2026-06-13,manana,confirmada,40000,2.25,si,media,56,Idea a color tradicional en brazo con Kuro
RES-0220,2026-05-31,11:00,Nicolas Alvarez,+56910214509,WhatsApp,TikTok,Purranque,Kuro,blackwork,blackwork,muneca,mediano,120000,2026-06-03,tarde,contactar,0,3,si,baja,27,Idea blackwork en muneca con Kuro
RES-0221,2026-05-14,17:30,Emilia Vargas,+56932920740,WhatsApp,Instagram,San Pablo,Nova Ink,fine line,fine line color,antebrazo,mediano,120000,2026-05-19,mediodia,pendiente,0,3,si,media,27,Idea a color fine line en antebrazo con Nova Ink
RES-0222,2026-06-18,10:00,Agustin Carrasco,+56953104345,WhatsApp,visita directa,Rahue,Mila Shade,sombras suaves,geometrico,tobillo,sesion larga,260000,2026-06-23,manana,pendiente,0,7,no,media,43,Idea geometrico en tobillo con Mila Shade
RES-0223,2026-05-13,09:30,Gabriel Oyarzo,+56916634667,WhatsApp,Instagram,Purranque,Nova Ink,fine line,minimalista,tobillo,mediano,85000,2026-05-16,tarde,contactar,0,3,no,media,15,Idea minimalista en tobillo con Nova Ink
RES-0224,2026-05-19,15:30,Joaquin Rojas,+56966674497,WhatsApp,cliente recurrente,Ovejeria,Kuro,blackwork,blackwork,cuello,mediano,170000,2026-05-22,tarde,confirmada,50000,3,si,alta,72,Idea blackwork en cuello con Kuro
RES-0225,2026-06-12,14:00,Renata Espinoza,+56951300965,WhatsApp,TikTok,Rahue,Atlas,piezas grandes,blackwork,mano/dedos,mediano,155000,2026-06-16,tarde,pendiente,0,2.25,si,media,33,Idea blackwork en mano/dedos con Atlas
RES-0226,2026-06-17,09:00,Valentina Cortes,+56956096570,WhatsApp,TikTok,Purranque,Rayo,tradicional,blackwork,tobillo,pequeno,40000,2026-06-20,tarde,pendiente,0,0.75,no,alta,12,Idea blackwork en tobillo con Rayo
RES-0227,2026-05-26,17:30,Maximiliano Bravo,@maximiliano.bravo,Instagram,visita directa,Osorno,Mila Shade,sombras suaves,minimalista,costillas,mediano,105000,2026-05-29,fin de semana,confirmada,30000,2.25,no,baja,43,Idea minimalista en costillas con Mila Shade
RES-0228,2026-06-16,17:00,Lucas Reyes,+56957586692,WhatsApp,Instagram,San Pablo,Mila Shade,sombras suaves,minimalista,antebrazo,mediano,85000,2026-06-19,tarde,reagendada,0,2.25,si,media,20,Idea minimalista en antebrazo con Mila Shade
RES-0229,2026-05-15,09:00,Fernanda Saavedra,@fernanda.saavedra,Instagram,Google,San Pablo,Rayo,tradicional,blackwork color,pecho,pequeno,70000,2026-05-19,mediodia,pendiente,0,1,no,media,13,Idea a color blackwork en pecho con Rayo
RES-0230,2026-05-22,16:30,Renata Vera,@renata.vera,Instagram,recomendacion,San Pablo,Mila Shade,sombras suaves,fine line,costillas,sesion larga,350000,2026-06-04,fin de semana,pendiente,0,7,si,media,75,Idea fine line en costillas con Mila Shade
RES-0231,2026-05-13,10:00,Vicente Paredes,@vicente.paredes,Instagram,recomendacion,Ovejeria,Mila Shade,sombras suaves,fine line,antebrazo,grande,180000,2026-05-16,mediodia,contactar,0,4.5,si,media,48,Idea fine line en antebrazo con Mila Shade
RES-0232,2026-05-29,17:30,Joaquin Munoz,+56980859219,WhatsApp,evento AIEP,Puerto Octay,Atlas,piezas grandes,tradicional,brazo,mediano,170000,2026-06-02,mediodia,confirmada,50000,3,si,baja,60,Idea tradicional en brazo con Atlas
RES-0233,2026-06-17,11:30,Gabriel Araya,+56972583257,WhatsApp,evento AIEP,Rahue,Lina Dot,minimalista,minimalista color,muneca,mediano,85000,2026-06-20,fin de semana,confirmada,30000,3,no,media,39,Idea a color minimalista en muneca con Lina Dot
RES-0234,2026-05-16,11:30,Martina Godoy,+56984514418,WhatsApp,cliente recurrente,Rio Negro,Nova Ink,fine line,lettering,espalda,mediano,105000,2026-05-19,fin de semana,contactar,0,2.25,no,media,31,Idea lettering en espalda con Nova Ink
RES-0235,2026-06-19,10:00,Benjamin Rojas,@benjamin.rojas,Instagram,evento AIEP,Osorno,Nova Ink,fine line,minimalista,brazo,mediano,110000,2026-06-23,fin de semana,pendiente,0,3,no,baja,20,Idea minimalista en brazo con Nova Ink
RES-0236,2026-06-14,09:30,Joaquin Godoy,+56948289281,WhatsApp,Instagram,Puerto Octay,Rayo,tradicional,blackwork color,tobillo,grande,300000,2026-06-17,mediodia,cancelada,0,5.5,si,media,56,Idea a color blackwork en tobillo con Rayo
RES-0237,2026-06-16,11:00,Ignacio Rojas,+56953768188,WhatsApp,recomendacion,Rio Negro,Lina Dot,minimalista,minimalista color,costillas,grande,225000,2026-06-24,fin de semana,confirmada,50000,4.5,si,alta,80,Idea a color minimalista en costillas con Lina Dot
RES-0238,2026-05-16,15:00,Matias Castillo,+56959505310,WhatsApp,Instagram,Rahue,Atlas,piezas grandes,blackwork,pecho,mediano,170000,2026-05-19,mediodia,pendiente,0,3,si,media,36,Idea blackwork en pecho con Atlas
RES-0239,2026-05-22,09:00,Bastian Araya,@bastian.araya,Instagram,TikTok,Rahue,Kuro,blackwork,geometrico,mano/dedos,pequeno,70000,2026-05-26,tarde,confirmada,25000,1.25,si,media,42,Idea geometrico en mano/dedos con Kuro
RES-0240,2026-05-31,12:00,Constanza Rojas,+56934632036,WhatsApp,TikTok,San Pablo,Lina Dot,minimalista,minimalista,pierna,mediano,90000,2026-06-03,tarde,confirmada,25000,3,si,media,45,Idea minimalista en pierna con Lina Dot
RES-0241,2026-06-17,16:30,Matias Alvarez,+56984190213,WhatsApp,Instagram,Rio Negro,Lina Dot,minimalista,geometrico,pecho,pequeno,40000,2026-06-20,tarde,reagendada,0,1,si,baja,12,Idea geometrico en pecho con Lina Dot
RES-0242,2026-05-27,09:30,Vicente Cardenas,+56970921176,WhatsApp,TikTok,Francke,Atlas,piezas grandes,geometrico,tobillo,sesion larga,260000,2026-05-30,tarde,confirmada,55000,5,si,alta,76,Idea geometrico en tobillo con Atlas
RES-0243,2026-05-31,16:00,Bastian Godoy,@bastian.godoy,Instagram,Google,Puerto Octay,Nova Ink,fine line,minimalista color,muneca,grande,185000,2026-06-03,tarde,reagendada,0,5.5,si,media,35,Idea a color minimalista en muneca con Nova Ink
RES-0244,2026-06-17,11:30,Agustin Carrasco,+56959271155,WhatsApp,Instagram,Purranque,Mila Shade,sombras suaves,fine line,cuello,grande,220000,2026-06-20,tarde,pendiente,0,4.5,si,media,45,Idea fine line en cuello con Mila Shade
RES-0245,2026-06-18,13:00,Trinidad Espinoza,@trinidad.espinoza,Instagram,visita directa,Purranque,Atlas,piezas grandes,geometrico,brazo,grande,260000,2026-06-23,tarde,confirmada,55000,4.5,no,media,71,Idea geometrico en brazo con Atlas
RES-0246,2026-06-13,15:30,Matias Araya,@matias.araya,Instagram,TikTok,Rahue,Rayo,tradicional,lettering color,costillas,sesion larga,375000,2026-06-16,mediodia,pendiente,0,7,si,alta,69,Idea a color lettering en costillas con Rayo
RES-0247,2026-05-13,17:30,Bastian Morales,@bastian.morales,Instagram,Google,Purranque,Atlas,piezas grandes,tradicional,pierna,grande,285000,2026-05-16,mediodia,pendiente,0,4.5,no,alta,52,Idea tradicional en pierna con Atlas
RES-0248,2026-05-29,11:00,Gabriel Reyes,+56915087749,WhatsApp,visita directa,Rio Negro,Mila Shade,sombras suaves,minimalista,mano/dedos,sesion larga,265000,2026-07-01,tarde,pendiente,0,7,si,baja,49,Idea minimalista en mano/dedos con Mila Shade
RES-0249,2026-05-20,10:00,Francisca Navarro,+56919965044,WhatsApp,Google,San Pablo,Atlas,piezas grandes,blackwork,costillas,grande,330000,2026-05-26,fin de semana,confirmada,75000,4.5,no,baja,84,Idea blackwork en costillas con Atlas
RES-0250,2026-06-03,09:00,Trinidad Gallardo,+56919657399,WhatsApp,TikTok,Rahue,Nova Ink,fine line,minimalista,hombro,sesion larga,260000,2026-06-09,manana,confirmada,55000,6,si,media,72,Idea minimalista en hombro con Nova Ink
RES-0251,2026-05-17,14:00,Florencia Saavedra,+56942288120,WhatsApp,TikTok,Osorno,Kuro,blackwork,geometrico color,costillas,mediano,170000,2026-05-20,tarde,confirmada,50000,3,si,baja,60,Idea a color geometrico en costillas con Kuro
RES-0252,2026-05-16,15:00,Antonia Miranda,+56958514498,WhatsApp,evento AIEP,Francke,Mila Shade,sombras suaves,minimalista color,antebrazo,mediano,90000,2026-05-21,manana,pendiente,0,2.25,no,alta,16,Idea a color minimalista en antebrazo con Mila Shade
RES-0253,2026-05-23,10:00,Valentina Gallardo,@valentina.gallardo,Instagram,Google,Rahue,Mila Shade,sombras suaves,fine line color,espalda,pequeno,60000,2026-05-26,tarde,pendiente,0,1,si,media,16,Idea a color fine line en espalda con Mila Shade
RES-0254,2026-06-15,14:00,Benjamin Paredes,+56944238423,WhatsApp,Instagram,Francke,Mila Shade,sombras suaves,minimalista,espalda,sesion larga,260000,2026-06-19,mediodia,pendiente,0,6,si,alta,48,Idea minimalista en espalda con Mila Shade
RES-0255,2026-05-25,12:30,Camila Mansilla,+56943968589,WhatsApp,evento AIEP,Puerto Octay,Lina Dot,minimalista,minimalista,brazo,grande,180000,2026-05-28,fin de semana,pendiente,0,3.5,si,media,38,Idea minimalista en brazo con Lina Dot
RES-0256,2026-06-09,15:30,Emilia Leiva,+56989230163,WhatsApp,visita directa,Osorno,Rayo,tradicional,lettering,espalda,pequeno,40000,2026-06-12,fin de semana,cancelada,0,0.75,no,media,12,Idea lettering en espalda con Rayo
RES-0257,2026-05-18,13:30,Francisca Vera,+56954257312,WhatsApp,Instagram,San Pablo,Kuro,blackwork,geometrico,hombro,pequeno,65000,2026-05-21,mediodia,confirmada,25000,1.25,si,alta,41,Idea geometrico en hombro con Kuro
RES-0258,2026-06-04,09:30,Isidora Cardenas,@isidora.cardenas,Instagram,cliente recurrente,Francke,Kuro,blackwork,tradicional,hombro,pequeno,60000,2026-06-10,manana,confirmada,20000,1.25,no,baja,47,Idea tradicional en hombro con Kuro
RES-0259,2026-06-19,09:00,Sebastian Cortes,@sebastian.cortes,Instagram,TikTok,Ovejeria,Lina Dot,minimalista,fine line,hombro,grande,180000,2026-06-25,tarde,confirmada,50000,4.5,no,media,57,Idea fine line en hombro con Lina Dot
RES-0260,2026-06-10,09:00,Renata Reyes,+56929528874,WhatsApp,visita directa,Ovejeria,Atlas,piezas grandes,geometrico,brazo,pequeno,60000,2026-06-13,fin de semana,confirmada,20000,1,no,alta,35,Idea geometrico en brazo con Atlas
RES-0261,2026-06-02,16:30,Bastian Leiva,+56929271706,WhatsApp,Google,Osorno,Mila Shade,sombras suaves,fine line,costillas,mediano,115000,2026-06-05,tarde,confirmada,30000,2.25,si,alta,50,Idea fine line en costillas con Mila Shade
RES-0262,2026-05-26,17:00,Renata Alvarez,+56989462618,WhatsApp,Google,Ovejeria,Nova Ink,fine line,fine line,tobillo,pequeno,40000,2026-05-29,manana,confirmada,15000,1.25,si,media,36,Idea fine line en tobillo con Nova Ink
RES-0263,2026-05-13,12:00,Fernanda Gallardo,@fernanda.gallardo,Instagram,evento AIEP,Purranque,Nova Ink,fine line,fine line,tobillo,mediano,85000,2026-05-16,manana,confirmada,30000,1.75,no,media,39,Idea fine line en tobillo con Nova Ink
RES-0264,2026-05-17,17:30,Josefa Mansilla,@josefa.mansilla,Instagram,TikTok,Puerto Octay,Rayo,tradicional,lettering color,mano/dedos,pequeno,70000,2026-05-20,manana,pendiente,0,1.25,si,media,18,Idea a color lettering en mano/dedos con Rayo
RES-0265,2026-06-03,17:30,Joaquin Morales,@joaquin.morales,Instagram,evento AIEP,Rahue,Kuro,blackwork,geometrico,hombro,grande,230000,2026-06-06,tarde,pendiente,0,4.5,si,baja,47,Idea geometrico en hombro con Kuro
RES-0266,2026-05-13,11:30,Bastian Reyes,+56937963538,WhatsApp,Instagram,Osorno,Rayo,tradicional,blackwork,tobillo,grande,180000,2026-05-16,mediodia,confirmada,50000,3.5,si,baja,62,Idea blackwork en tobillo con Rayo
RES-0267,2026-05-16,09:30,Valentina Castillo,@valentina.castillo,Instagram,Google,Ovejeria,Lina Dot,minimalista,fine line,espalda,mediano,90000,2026-05-19,tarde,pendiente,0,2.25,si,media,21,Idea fine line en espalda con Lina Dot
RES-0268,2026-06-05,16:30,Nicolas Alvarez,+56936796262,WhatsApp,TikTok,Rio Negro,Rayo,tradicional,blackwork,pecho,pequeno,65000,2026-06-09,mediodia,confirmada,25000,1,si,baja,41,Idea blackwork en pecho con Rayo
RES-0269,2026-06-12,09:30,Valentina Espinoza,@valentina.espinoza,Instagram,cliente recurrente,San Pablo,Nova Ink,fine line,lettering,brazo,mediano,85000,2026-06-16,mediodia,confirmada,30000,1.75,si,media,56,Idea lettering en brazo con Nova Ink
RES-0270,2026-06-14,13:00,Constanza Soto,+56953293846,WhatsApp,TikTok,San Pablo,Lina Dot,minimalista,fine line color,antebrazo,mediano,85000,2026-06-17,mediodia,confirmada,30000,1.75,si,media,44,Idea a color fine line en antebrazo con Lina Dot
RES-0271,2026-06-03,16:30,Valentina Alvarez,@valentina.alvarez,Instagram,recomendacion,Ovejeria,Lina Dot,minimalista,geometrico,brazo,mediano,105000,2026-06-06,fin de semana,pendiente,0,3,no,baja,29,Idea geometrico en brazo con Lina Dot
RES-0272,2026-05-24,09:30,Florencia Saavedra,+56917019127,WhatsApp,evento AIEP,Osorno,Atlas,piezas grandes,geometrico,pierna,mediano,120000,2026-05-27,mediodia,cancelada,0,2.25,no,baja,22,Idea geometrico en pierna con Atlas
RES-0273,2026-06-06,17:30,Felipe Saavedra,+56961041919,WhatsApp,recomendacion,Ovejeria,Kuro,blackwork,geometrico,muneca,pequeno,50000,2026-06-10,mediodia,confirmada,20000,1.25,si,alta,48,Idea geometrico en muneca con Kuro
RES-0274,2026-05-13,13:00,Javiera Mansilla,+56966209753,WhatsApp,evento AIEP,Osorno,Kuro,blackwork,blackwork,tobillo,mediano,105000,2026-05-16,fin de semana,contactar,0,2.25,si,alta,24,Idea blackwork en tobillo con Kuro
RES-0275,2026-05-21,10:00,Javiera Gallardo,+56969091721,WhatsApp,Instagram,Rahue,Lina Dot,minimalista,fine line color,costillas,grande,290000,2026-05-26,fin de semana,confirmada,65000,5.5,si,alta,78,Idea a color fine line en costillas con Lina Dot
RES-0276,2026-06-04,14:30,Cristobal Godoy,@cristobal.godoy,Instagram,TikTok,Francke,Atlas,piezas grandes,tradicional,muneca,grande,180000,2026-06-10,mediodia,confirmada,50000,3.5,si,baja,62,Idea tradicional en muneca con Atlas
RES-0277,2026-06-13,10:30,Constanza Saavedra,+56990143678,WhatsApp,recomendacion,Ovejeria,Nova Ink,fine line,fine line,pierna,grande,180000,2026-06-18,tarde,cancelada,0,4.5,si,alta,48,Idea fine line en pierna con Nova Ink
RES-0278,2026-06-14,09:30,Lucas Castillo,+56960763498,WhatsApp,TikTok,Osorno,Kuro,blackwork,blackwork,antebrazo,mediano,90000,2026-06-17,fin de semana,pendiente,0,1.75,no,baja,16,Idea blackwork en antebrazo con Kuro
RES-0279,2026-06-07,13:30,Diego Vera,+56955419958,WhatsApp,Instagram,Puerto Octay,Nova Ink,fine line,minimalista,antebrazo,pequeno,45000,2026-06-10,tarde,confirmada,15000,1.25,si,alta,37,Idea minimalista en antebrazo con Nova Ink
RES-0280,2026-05-24,17:00,Nicolas Carrasco,+56940210404,WhatsApp,TikTok,Ovejeria,Rayo,tradicional,lettering,antebrazo,mediano,120000,2026-05-27,manana,pendiente,0,3,no,media,22,Idea lettering en antebrazo con Rayo
RES-0281,2026-05-20,14:30,Antonia Cortes,+56988462838,WhatsApp,Google,Rio Negro,Nova Ink,fine line,minimalista,pierna,grande,210000,2026-05-27,fin de semana,confirmada,45000,5.5,si,media,63,Idea minimalista en pierna con Nova Ink
RES-0282,2026-05-28,16:30,Diego Cortes,+56934450955,WhatsApp,cliente recurrente,San Pablo,Atlas,piezas grandes,geometrico,costillas,grande,235000,2026-06-04,mediodia,confirmada,50000,3.5,si,media,84,Idea geometrico en costillas con Atlas
RES-0283,2026-06-12,12:00,Matias Cortes,@matias.cortes,Instagram,cliente recurrente,Puerto Octay,Kuro,blackwork,blackwork,mano/dedos,mediano,110000,2026-06-16,fin de semana,pendiente,0,1.75,si,baja,37,Idea blackwork en mano/dedos con Kuro
RES-0284,2026-06-18,10:30,Antonia Alvarez,@antonia.alvarez,Instagram,visita directa,Rahue,Kuro,blackwork,geometrico,antebrazo,mediano,145000,2026-06-24,tarde,contactar,0,3,si,baja,31,Idea geometrico en antebrazo con Kuro
RES-0285,2026-06-15,09:00,Vicente Carrasco,@vicente.carrasco,Instagram,Instagram,Osorno,Nova Ink,fine line,fine line color,muneca,grande,210000,2026-06-18,manana,pendiente,0,5.5,no,alta,34,Idea a color fine line en muneca con Nova Ink
RES-0286,2026-05-26,17:30,Isidora Munoz,+56982590304,WhatsApp,recomendacion,Puerto Octay,Kuro,blackwork,tradicional,mano/dedos,grande,185000,2026-05-30,fin de semana,confirmada,50000,3.5,si,media,73,Idea tradicional en mano/dedos con Kuro
RES-0287,2026-06-06,16:00,Antonia Oyarzo,+56926687690,WhatsApp,Instagram,Francke,Lina Dot,minimalista,fine line,pecho,mediano,110000,2026-06-10,tarde,confirmada,30000,3,si,media,49,Idea fine line en pecho con Lina Dot
RES-0288,2026-06-15,12:00,Cristobal Rojas,@cristobal.rojas,Instagram,Google,Rio Negro,Nova Ink,fine line,fine line,hombro,grande,185000,2026-06-18,tarde,confirmada,50000,4.5,si,media,63,Idea fine line en hombro con Nova Ink
RES-0289,2026-06-02,10:00,Constanza Espinoza,+56985540903,WhatsApp,recomendacion,Ovejeria,Lina Dot,minimalista,minimalista,cuello,mediano,85000,2026-06-05,tarde,confirmada,30000,2.25,no,media,49,Idea minimalista en cuello con Lina Dot
RES-0290,2026-05-28,14:30,Gabriel Navarro,@gabriel.navarro,Instagram,Instagram,Puerto Octay,Atlas,piezas grandes,blackwork,cuello,grande,275000,2026-06-05,manana,confirmada,60000,3.5,si,alta,79,Idea blackwork en cuello con Atlas
RES-0291,2026-05-27,10:30,Felipe Vera,@felipe.vera,Instagram,recomendacion,Rio Negro,Lina Dot,minimalista,geometrico,brazo,mediano,105000,2026-05-30,tarde,cancelada,0,3,si,media,34,Idea geometrico en brazo con Lina Dot
RES-0292,2026-06-19,15:00,Tomas Carrasco,+56957746828,WhatsApp,TikTok,Purranque,Lina Dot,minimalista,fine line,mano/dedos,mediano,85000,2026-06-23,mediodia,pendiente,0,1.75,si,alta,20,Idea fine line en mano/dedos con Lina Dot
RES-0293,2026-06-01,09:00,Javiera Vargas,+56923796326,WhatsApp,TikTok,Francke,Rayo,tradicional,tradicional color,cuello,pequeno,80000,2026-06-04,manana,pendiente,0,1.25,no,baja,15,Idea a color tradicional en cuello con Rayo
RES-0294,2026-05-20,16:30,Nicolas Bravo,+56952396113,WhatsApp,recomendacion,Purranque,Atlas,piezas grandes,blackwork,pierna,pequeno,65000,2026-05-23,manana,contactar,0,1,si,alta,27,Idea blackwork en pierna con Atlas
RES-0295,2026-05-20,13:00,Camila Miranda,+56914863552,WhatsApp,visita directa,Ovejeria,Mila Shade,sombras suaves,minimalista,hombro,grande,180000,2026-05-23,manana,pendiente,0,3.5,si,alta,38,Idea minimalista en hombro con Mila Shade
RES-0296,2026-06-15,15:30,Vicente Castillo,+56985592031,WhatsApp,Instagram,San Pablo,Kuro,blackwork,tradicional color,mano/dedos,sesion larga,415000,2026-06-18,tarde,confirmada,90000,6,si,media,100,Idea a color tradicional en mano/dedos con Kuro
RES-0297,2026-05-23,15:30,Felipe Vargas,+56973447779,WhatsApp,TikTok,Ovejeria,Atlas,piezas grandes,blackwork,cuello,pequeno,55000,2026-05-26,tarde,pendiente,0,0.75,si,media,15,Idea blackwork en cuello con Atlas
RES-0298,2026-06-11,12:00,Valentina Munoz,+56931795535,WhatsApp,recomendacion,Purranque,Lina Dot,minimalista,geometrico,costillas,grande,225000,2026-06-16,tarde,pendiente,0,4.5,no,media,51,Idea geometrico en costillas con Lina Dot
RES-0299,2026-06-18,11:00,Vicente Miranda,@vicente.miranda,Instagram,Instagram,Rahue,Nova Ink,fine line,minimalista,tobillo,pequeno,40000,2026-06-23,tarde,pendiente,0,1,si,baja,12,Idea minimalista en tobillo con Nova Ink
RES-0300,2026-05-31,09:00,Lucas Miranda,+56998182153,WhatsApp,cliente recurrente,Rio Negro,Rayo,tradicional,lettering,pecho,mediano,85000,2026-06-03,fin de semana,confirmada,30000,1.75,no,media,51,Idea lettering en pecho con Rayo
RES-0301,2026-05-21,11:00,Matias Reyes,+56962876338,WhatsApp,Instagram,Francke,Kuro,blackwork,blackwork color,tobillo,mediano,120000,2026-05-27,tarde,confirmada,35000,2.25,si,alta,51,Idea a color blackwork en tobillo con Kuro
RES-0302,2026-06-03,11:30,Antonia Cardenas,@antonia.cardenas,Instagram,evento AIEP,Puerto Octay,Atlas,piezas grandes,blackwork,cuello,pequeno,80000,2026-06-06,tarde,cancelada,0,1.25,si,alta,20,Idea blackwork en cuello con Atlas
RES-0303,2026-05-25,11:00,Benjamin Mansilla,@benjamin.mansilla,Instagram,recomendacion,Osorno,Rayo,tradicional,blackwork,tobillo,sesion larga,290000,2026-07-07,tarde,contactar,0,7,si,media,64,Idea blackwork en tobillo con Rayo
RES-0304,2026-06-06,11:00,Joaquin Navarro,+56948579646,WhatsApp,TikTok,Osorno,Atlas,piezas grandes,geometrico,hombro,pequeno,60000,2026-06-09,tarde,contactar,0,1,si,baja,16,Idea geometrico en hombro con Atlas
RES-0305,2026-06-11,12:30,Fernanda Paredes,+56948440979,WhatsApp,evento AIEP,Francke,Mila Shade,sombras suaves,minimalista,pecho,pequeno,45000,2026-06-16,mediodia,contactar,0,1,si,baja,13,Idea minimalista en pecho con Mila Shade
RES-0306,2026-06-18,14:30,Francisca Miranda,+56975796546,WhatsApp,recomendacion,Osorno,Atlas,piezas grandes,blackwork,muneca,grande,240000,2026-06-24,manana,pendiente,0,5.5,si,media,55,Idea blackwork en muneca con Atlas
RES-0307,2026-06-05,16:00,Tomas Castillo,@tomas.castillo,Instagram,TikTok,San Pablo,Nova Ink,fine line,fine line color,pecho,sesion larga,295000,2026-06-11,mediodia,pendiente,0,6,si,media,55,Idea a color fine line en pecho con Nova Ink
RES-0308,2026-06-04,16:30,Renata Reyes,+56976431131,WhatsApp,evento AIEP,Purranque,Mila Shade,sombras suaves,geometrico,cuello,mediano,140000,2026-06-09,tarde,pendiente,0,3,si,media,30,Idea geometrico en cuello con Mila Shade
RES-0309,2026-05-21,16:00,Gabriel Paredes,+56997985636,WhatsApp,TikTok,Rahue,Atlas,piezas grandes,geometrico,mano/dedos,pequeno,70000,2026-05-26,mediodia,cancelada,0,1.25,si,baja,18,Idea geometrico en mano/dedos con Atlas
RES-0310,2026-05-24,16:30,Diego Navarro,+56913810125,WhatsApp,Instagram,Francke,Lina Dot,minimalista,minimalista,pierna,pequeno,40000,2026-05-27,manana,pendiente,0,1.25,no,media,12,Idea minimalista en pierna con Lina Dot
RES-0311,2026-05-13,10:30,Benjamin Bravo,+56991494004,WhatsApp,Google,Rahue,Rayo,tradicional,tradicional color,pecho,pequeno,70000,2026-05-16,mediodia,pendiente,0,1,no,baja,13,Idea a color tradicional en pecho con Rayo
RES-0312,2026-05-20,16:30,Fernanda Morales,+56924592079,WhatsApp,cliente recurrente,Rio Negro,Kuro,blackwork,tradicional color,costillas,pequeno,80000,2026-05-23,tarde,pendiente,0,1,no,baja,27,Idea a color tradicional en costillas con Kuro
RES-0313,2026-06-10,14:00,Isidora Miranda,+56997308708,WhatsApp,cliente recurrente,Purranque,Mila Shade,sombras suaves,fine line,pecho,pequeno,40000,2026-06-13,manana,pendiente,0,0.75,no,media,19,Idea fine line en pecho con Mila Shade
RES-0314,2026-05-19,10:30,Benjamin Saavedra,+56994781787,WhatsApp,Instagram,Puerto Octay,Atlas,piezas grandes,blackwork,pierna,grande,245000,2026-05-22,mediodia,contactar,0,3.5,no,baja,45,Idea blackwork en pierna con Atlas
RES-0315,2026-06-04,17:00,Francisca Alvarez,+56986808725,WhatsApp,recomendacion,Ovejeria,Rayo,tradicional,blackwork,costillas,pequeno,65000,2026-06-09,fin de semana,cancelada,0,1,si,alta,27,Idea blackwork en costillas con Rayo
RES-0316,2026-05-22,17:00,Ignacio Oyarzo,+56948755811,WhatsApp,Instagram,Rahue,Nova Ink,fine line,lettering,hombro,pequeno,40000,2026-05-26,manana,confirmada,15000,1,si,media,36,Idea lettering en hombro con Nova Ink
RES-0317,2026-06-18,09:30,Nicolas Araya,+56971741146,WhatsApp,visita directa,Purranque,Atlas,piezas grandes,blackwork,mano/dedos,pequeno,75000,2026-06-23,tarde,pendiente,0,1.25,si,baja,19,Idea blackwork en mano/dedos con Atlas
RES-0318,2026-05-24,12:30,Josefa Bravo,+56947467814,WhatsApp,TikTok,Osorno,Kuro,blackwork,tradicional color,costillas,grande,330000,2026-05-28,mediodia,confirmada,75000,4.5,si,alta,89,Idea a color tradicional en costillas con Kuro
RES-0319,2026-06-15,13:00,Renata Vera,+56924814580,WhatsApp,recomendacion,Puerto Octay,Lina Dot,minimalista,fine line,antebrazo,mediano,85000,2026-06-18,fin de semana,confirmada,30000,2.25,si,media,54,Idea fine line en antebrazo con Lina Dot
RES-0320,2026-05-19,09:00,Matias Vargas,+56912732236,WhatsApp,TikTok,Rahue,Mila Shade,sombras suaves,geometrico,pecho,grande,315000,2026-05-22,tarde,pendiente,0,5.5,si,alta,58,Idea geometrico en pecho con Mila Shade
RES-0321,2026-05-25,15:00,Nicolas Saavedra,@nicolas.saavedra,Instagram,recomendacion,Rahue,Rayo,tradicional,tradicional color,mano/dedos,mediano,130000,2026-05-28,tarde,contactar,0,2.25,si,alta,39,Idea a color tradicional en mano/dedos con Rayo
RES-0322,2026-05-13,16:30,Matias Cortes,+56963678895,WhatsApp,Instagram,Francke,Rayo,tradicional,blackwork,cuello,grande,290000,2026-05-20,manana,contactar,0,4.5,si,baja,58,Idea blackwork en cuello con Rayo
RES-0323,2026-05-19,11:00,Felipe Cardenas,@felipe.cardenas,Instagram,cliente recurrente,Osorno,Mila Shade,sombras suaves,geometrico,mano/dedos,pequeno,50000,2026-05-22,tarde,cancelada,0,1,si,baja,26,Idea geometrico en mano/dedos con Mila Shade
RES-0324,2026-05-27,13:30,Constanza Munoz,+56928148298,WhatsApp,visita directa,San Pablo,Lina Dot,minimalista,fine line,cuello,grande,220000,2026-05-30,tarde,confirmada,50000,5.5,no,alta,60,Idea fine line en cuello con Lina Dot
RES-0325,2026-06-09,15:00,Javiera Espinoza,+56948434961,WhatsApp,cliente recurrente,Rahue,Nova Ink,fine line,lettering,antebrazo,pequeno,40000,2026-06-12,fin de semana,pendiente,0,0.75,si,baja,24,Idea lettering en antebrazo con Nova Ink
RES-0326,2026-05-21,13:30,Nicolas Carrasco,+56997554591,WhatsApp,Instagram,Osorno,Nova Ink,fine line,fine line color,antebrazo,mediano,100000,2026-05-28,manana,pendiente,0,2.25,si,alta,23,Idea a color fine line en antebrazo con Nova Ink
RES-0327,2026-06-17,10:30,Diego Vera,+56977470062,WhatsApp,Instagram,Ovejeria,Lina Dot,minimalista,minimalista color,mano/dedos,grande,185000,2026-06-26,manana,confirmada,50000,4.5,si,alta,63,Idea a color minimalista en mano/dedos con Lina Dot
RES-0328,2026-06-02,13:00,Bastian Godoy,+56924706145,WhatsApp,recomendacion,Ovejeria,Lina Dot,minimalista,geometrico,pecho,mediano,105000,2026-06-05,tarde,pendiente,0,2.25,no,media,29,Idea geometrico en pecho con Lina Dot
RES-0329,2026-06-14,10:00,Antonia Gallardo,@antonia.gallardo,Instagram,recomendacion,Francke,Kuro,blackwork,geometrico,antebrazo,mediano,85000,2026-06-17,mediodia,reagendada,0,1.75,no,baja,25,Idea geometrico en antebrazo con Kuro
RES-0330,2026-06-07,11:30,Camila Vera,+56918898415,WhatsApp,evento AIEP,San Pablo,Nova Ink,fine line,lettering,espalda,mediano,130000,2026-06-11,tarde,confirmada,35000,3,si,media,53,Idea lettering en espalda con Nova Ink
RES-0331,2026-05-28,15:30,Florencia Gallardo,+56994873279,WhatsApp,Instagram,San Pablo,Mila Shade,sombras suaves,minimalista,mano/dedos,mediano,85000,2026-06-02,tarde,confirmada,30000,1.75,no,media,39,Idea minimalista en mano/dedos con Mila Shade
RES-0332,2026-06-16,11:00,Maximiliano Bravo,@maximiliano.bravo,Instagram,cliente recurrente,Rahue,Lina Dot,minimalista,minimalista,costillas,pequeno,40000,2026-06-19,mediodia,pendiente,0,1,si,media,24,Idea minimalista en costillas con Lina Dot
RES-0333,2026-05-18,10:00,Constanza Paredes,+56933161584,WhatsApp,TikTok,Ovejeria,Atlas,piezas grandes,geometrico color,cuello,mediano,170000,2026-05-22,mediodia,pendiente,0,3,no,baja,31,Idea a color geometrico en cuello con Atlas
RES-0334,2026-06-17,09:30,Maximiliano Reyes,+56910090758,WhatsApp,recomendacion,Puerto Octay,Lina Dot,minimalista,minimalista,espalda,mediano,85000,2026-06-20,mediodia,pendiente,0,1.75,si,baja,30,Idea minimalista en espalda con Lina Dot
RES-0335,2026-05-20,12:00,Antonia Leiva,+56926448407,WhatsApp,TikTok,San Pablo,Nova Ink,fine line,lettering,pecho,mediano,125000,2026-05-28,tarde,confirmada,35000,3,no,baja,47,Idea lettering en pecho con Nova Ink
RES-0336,2026-06-02,10:00,Benjamin Oyarzo,+56943796545,WhatsApp,visita directa,San Pablo,Lina Dot,minimalista,fine line,brazo,mediano,85000,2026-06-05,mediodia,contactar,0,2.25,si,alta,20,Idea fine line en brazo con Lina Dot
RES-0337,2026-06-14,13:30,Sofia Munoz,+56951947789,WhatsApp,cliente recurrente,San Pablo,Lina Dot,minimalista,minimalista,costillas,sesion larga,260000,2026-06-27,tarde,confirmada,55000,5,si,media,88,Idea minimalista en costillas con Lina Dot
RES-0338,2026-05-19,15:00,Nicolas Rojas,+56989939339,WhatsApp,Google,Rahue,Nova Ink,fine line,lettering,hombro,mediano,85000,2026-05-22,fin de semana,pendiente,0,1.75,si,media,20,Idea lettering en hombro con Nova Ink
RES-0339,2026-06-03,10:00,Diego Godoy,+56947653228,WhatsApp,visita directa,Rahue,Rayo,tradicional,lettering,tobillo,sesion larga,260000,2026-06-11,tarde,confirmada,55000,6,si,media,72,Idea lettering en tobillo con Rayo
RES-0340,2026-05-21,14:00,Sofia Godoy,@sofia.godoy,Instagram,TikTok,Puerto Octay,Kuro,blackwork,tradicional,hombro,grande,325000,2026-06-02,mediodia,confirmada,70000,5.5,si,baja,84,Idea tradicional en hombro con Kuro
RES-0341,2026-06-18,14:00,Emilia Cortes,+56928760265,WhatsApp,recomendacion,Rahue,Lina Dot,minimalista,minimalista,hombro,sesion larga,260000,2026-07-03,manana,pendiente,0,7,no,media,53,Idea minimalista en hombro con Lina Dot
RES-0342,2026-05-27,14:30,Valentina Rojas,@valentina.rojas,Instagram,TikTok,Ovejeria,Nova Ink,fine line,lettering,espalda,sesion larga,345000,2026-07-02,fin de semana,contactar,0,7,no,media,59,Idea lettering en espalda con Nova Ink
RES-0343,2026-05-25,12:30,Vicente Alvarez,+56982142993,WhatsApp,TikTok,San Pablo,Rayo,tradicional,lettering,espalda,grande,210000,2026-05-28,tarde,reagendada,0,4.5,si,baja,43,Idea lettering en espalda con Rayo
RES-0344,2026-06-14,11:30,Matias Soto,+56994929765,WhatsApp,Instagram,Rio Negro,Atlas,piezas grandes,tradicional color,brazo,mediano,105000,2026-06-17,fin de semana,confirmada,30000,1.75,si,media,48,Idea a color tradicional en brazo con Atlas
RES-0345,2026-06-10,09:00,Florencia Munoz,+56920242257,WhatsApp,visita directa,San Pablo,Rayo,tradicional,lettering color,hombro,pequeno,40000,2026-06-13,mediodia,confirmada,15000,0.75,si,alta,36,Idea a color lettering en hombro con Rayo
RES-0346,2026-06-10,10:00,Javiera Miranda,+56978264935,WhatsApp,evento AIEP,Ovejeria,Mila Shade,sombras suaves,minimalista,mano/dedos,sesion larga,260000,2026-06-13,manana,pendiente,0,6,si,media,48,Idea minimalista en mano/dedos con Mila Shade
RES-0347,2026-05-26,10:30,Joaquin Leiva,@joaquin.leiva,Instagram,recomendacion,San Pablo,Rayo,tradicional,lettering color,tobillo,mediano,85000,2026-05-29,tarde,contactar,0,1.75,si,baja,30,Idea a color lettering en tobillo con Rayo
RES-0348,2026-05-29,15:00,Camila Miranda,@camila.miranda,Instagram,recomendacion,Rahue,Kuro,blackwork,blackwork,pecho,mediano,160000,2026-06-03,tarde,pendiente,0,2.25,si,media,44,Idea blackwork en pecho con Kuro
RES-0349,2026-05-29,16:00,Antonia Cardenas,+56939818879,WhatsApp,Instagram,Rahue,Lina Dot,minimalista,fine line,cuello,mediano,85000,2026-06-02,fin de semana,pendiente,0,2.25,si,media,20,Idea fine line en cuello con Lina Dot
RES-0350,2026-05-25,15:00,Isidora Vera,+56919157052,WhatsApp,cliente recurrente,Francke,Nova Ink,fine line,fine line,pecho,mediano,105000,2026-05-28,fin de semana,contactar,0,2.25,si,baja,36,Idea fine line en pecho con Nova Ink
RES-0351,2026-06-11,15:30,Diego Paredes,+56962465386,WhatsApp,recomendacion,San Pablo,Rayo,tradicional,tradicional,tobillo,mediano,95000,2026-06-17,tarde,pendiente,0,2.25,no,media,27,Idea tradicional en tobillo con Rayo
RES-0352,2026-05-30,17:00,Isidora Espinoza,@isidora.espinoza,Instagram,Google,Francke,Nova Ink,fine line,fine line color,pecho,mediano,90000,2026-06-02,fin de semana,pendiente,0,1.75,no,media,16,Idea a color fine line en pecho con Nova Ink
RES-0353,2026-05-21,15:30,Sebastian Saavedra,@sebastian.saavedra,Instagram,TikTok,Osorno,Lina Dot,minimalista,fine line color,cuello,pequeno,60000,2026-05-27,fin de semana,pendiente,0,1.25,si,alta,16,Idea a color fine line en cuello con Lina Dot
RES-0354,2026-06-09,13:00,Nicolas Navarro,+56939870381,WhatsApp,TikTok,Rio Negro,Nova Ink,fine line,fine line color,mano/dedos,mediano,85000,2026-06-12,manana,confirmada,30000,1.75,no,alta,39,Idea a color fine line en mano/dedos con Nova Ink
RES-0355,2026-05-22,14:00,Sofia Cardenas,+56987633362,WhatsApp,Google,Rio Negro,Lina Dot,minimalista,minimalista,costillas,grande,220000,2026-05-27,tarde,confirmada,50000,5.5,no,media,60,Idea minimalista en costillas con Lina Dot
RES-0356,2026-05-15,11:00,Francisca Vargas,+56925055223,WhatsApp,visita directa,Francke,Lina Dot,minimalista,minimalista,antebrazo,mediano,85000,2026-05-19,fin de semana,confirmada,30000,1.75,si,media,44,Idea minimalista en antebrazo con Lina Dot
RES-0357,2026-05-30,17:00,Josefa Munoz,+56959699019,WhatsApp,recomendacion,Puerto Octay,Lina Dot,minimalista,geometrico,muneca,mediano,85000,2026-06-02,mediodia,reagendada,0,2.25,no,media,25,Idea geometrico en muneca con Lina Dot
RES-0358,2026-06-16,10:00,Ignacio Araya,@ignacio.araya,Instagram,Instagram,Purranque,Lina Dot,minimalista,fine line,mano/dedos,pequeno,40000,2026-06-19,tarde,pendiente,0,0.75,no,baja,12,Idea fine line en mano/dedos con Lina Dot
RES-0359,2026-06-05,11:00,Diego Cardenas,+56910680344,WhatsApp,Google,Osorno,Mila Shade,sombras suaves,geometrico,tobillo,pequeno,40000,2026-06-09,tarde,cancelada,0,1,si,baja,12,Idea geometrico en tobillo con Mila Shade
RES-0360,2026-06-11,13:30,Matias Gallardo,+56988373328,WhatsApp,cliente recurrente,Rahue,Lina Dot,minimalista,geometrico,tobillo,grande,180000,2026-06-16,tarde,contactar,0,3.5,si,baja,50,Idea geometrico en tobillo con Lina Dot
RES-0361,2026-05-28,13:30,Agustin Leiva,@agustin.leiva,Instagram,Instagram,Rio Negro,Nova Ink,fine line,lettering color,cuello,pequeno,55000,2026-06-02,tarde,pendiente,0,1.25,no,media,12,Idea a color lettering en cuello con Nova Ink
RES-0362,2026-05-30,16:00,Florencia Oyarzo,@florencia.oyarzo,Instagram,visita directa,San Pablo,Kuro,blackwork,blackwork,costillas,mediano,170000,2026-06-03,fin de semana,confirmada,50000,2.25,no,baja,55,Idea blackwork en costillas con Kuro
RES-0363,2026-06-16,09:00,Diego Vera,+56941657080,WhatsApp,recomendacion,Rahue,Mila Shade,sombras suaves,geometrico,cuello,sesion larga,320000,2026-06-19,tarde,pendiente,0,6,no,media,64,Idea geometrico en cuello con Mila Shade
RES-0364,2026-06-19,10:00,Vicente Rojas,+56936760172,WhatsApp,TikTok,Rahue,Lina Dot,minimalista,fine line color,espalda,mediano,100000,2026-06-23,tarde,pendiente,0,2.25,no,media,18,Idea a color fine line en espalda con Lina Dot
RES-0365,2026-06-02,09:00,Diego Vargas,+56949463623,WhatsApp,TikTok,San Pablo,Rayo,tradicional,lettering,antebrazo,pequeno,40000,2026-06-05,tarde,confirmada,15000,1,si,media,36,Idea lettering en antebrazo con Rayo
RES-0366,2026-06-09,17:00,Ignacio Vargas,+56955070495,WhatsApp,Google,Purranque,Atlas,piezas grandes,tradicional color,cuello,sesion larga,450000,2026-06-12,mediodia,contactar,0,7,si,baja,83,Idea a color tradicional en cuello con Atlas
RES-0367,2026-06-17,11:00,Benjamin Espinoza,+56960847577,WhatsApp,Google,Osorno,Mila Shade,sombras suaves,fine line,tobillo,pequeno,40000,2026-06-20,tarde,pendiente,0,1,si,alta,12,Idea fine line en tobillo con Mila Shade
RES-0368,2026-06-12,16:00,Joaquin Vera,@joaquin.vera,Instagram,Instagram,Francke,Mila Shade,sombras suaves,geometrico color,espalda,pequeno,60000,2026-06-16,fin de semana,pendiente,0,1,no,media,12,Idea a color geometrico en espalda con Mila Shade
RES-0369,2026-06-17,15:30,Javiera Vargas,@javiera.vargas,Instagram,Instagram,Osorno,Kuro,blackwork,geometrico,antebrazo,mediano,130000,2026-06-20,tarde,confirmada,35000,3,si,media,53,Idea geometrico en antebrazo con Kuro
RES-0370,2026-06-12,15:30,Lucas Espinoza,+56975575720,WhatsApp,cliente recurrente,San Pablo,Rayo,tradicional,lettering,antebrazo,grande,180000,2026-06-17,fin de semana,pendiente,0,4.5,si,media,50,Idea lettering en antebrazo con Rayo
RES-0371,2026-05-16,16:30,Lucas Cardenas,@lucas.cardenas,Instagram,TikTok,Francke,Atlas,piezas grandes,geometrico color,brazo,pequeno,60000,2026-05-19,mediodia,contactar,0,1,no,baja,12,Idea a color geometrico en brazo con Atlas
RES-0372,2026-06-18,10:30,Felipe Castillo,@felipe.castillo,Instagram,TikTok,Osorno,Mila Shade,sombras suaves,fine line color,costillas,sesion larga,290000,2026-06-23,mediodia,contactar,0,5,no,media,53,Idea a color fine line en costillas con Mila Shade
RES-0373,2026-06-07,12:30,Joaquin Alvarez,+56989570993,WhatsApp,Google,Rio Negro,Kuro,blackwork,blackwork,antebrazo,grande,180000,2026-06-10,tarde,pendiente,0,3.5,no,media,33,Idea blackwork en antebrazo con Kuro
RES-0374,2026-05-27,09:30,Javiera Carrasco,@javiera.carrasco,Instagram,Instagram,Purranque,Atlas,piezas grandes,tradicional,hombro,pequeno,75000,2026-05-30,tarde,reagendada,0,1.25,no,media,14,Idea tradicional en hombro con Atlas
RES-0375,2026-06-08,13:30,Catalina Munoz,+56955565575,WhatsApp,Google,San Pablo,Lina Dot,minimalista,geometrico,antebrazo,pequeno,40000,2026-06-11,tarde,confirmada,15000,1,si,media,36,Idea geometrico en antebrazo con Lina Dot
RES-0376,2026-06-04,17:30,Josefa Araya,+56933919545,WhatsApp,Instagram,Purranque,Nova Ink,fine line,lettering,costillas,pequeno,40000,2026-06-10,manana,pendiente,0,0.75,si,media,12,Idea lettering en costillas con Nova Ink
RES-0377,2026-05-14,13:00,Isidora Miranda,+56917381695,WhatsApp,Instagram,Rio Negro,Nova Ink,fine line,lettering,pierna,pequeno,40000,2026-05-19,manana,contactar,0,0.75,si,baja,12,Idea lettering en pierna con Nova Ink
RES-0378,2026-06-09,13:00,Matias Soto,@matias.soto,Instagram,Google,Francke,Nova Ink,fine line,lettering color,tobillo,grande,200000,2026-06-13,manana,pendiente,0,5.5,no,media,32,Idea a color lettering en tobillo con Nova Ink
RES-0379,2026-05-13,10:00,Javiera Leiva,@javiera.leiva,Instagram,evento AIEP,Puerto Octay,Mila Shade,sombras suaves,minimalista,espalda,mediano,85000,2026-05-16,tarde,pendiente,0,1.75,si,media,20,Idea minimalista en espalda con Mila Shade
RES-0380,2026-06-05,17:30,Matias Espinoza,+56990558544,WhatsApp,Instagram,Rahue,Rayo,tradicional,lettering color,antebrazo,sesion larga,260000,2026-06-12,manana,confirmada,55000,5,si,media,76,Idea a color lettering en antebrazo con Rayo
RES-0381,2026-05-17,13:30,Tomas Bravo,@tomas.bravo,Instagram,cliente recurrente,San Pablo,Rayo,tradicional,blackwork,brazo,sesion larga,315000,2026-05-20,mediodia,contactar,0,7,si,media,70,Idea blackwork en brazo con Rayo
RES-0382,2026-05-14,09:00,Florencia Gallardo,+56931956437,WhatsApp,TikTok,Francke,Nova Ink,fine line,minimalista,pierna,mediano,85000,2026-05-19,tarde,confirmada,30000,1.75,si,media,44,Idea minimalista en pierna con Nova Ink
RES-0383,2026-06-08,14:30,Francisca Alvarez,+56943919796,WhatsApp,Instagram,Francke,Kuro,blackwork,blackwork,hombro,grande,235000,2026-06-11,mediodia,confirmada,50000,4.5,si,baja,72,Idea blackwork en hombro con Kuro
RES-0384,2026-06-02,12:00,Constanza Oyarzo,+56985329215,WhatsApp,Instagram,Rahue,Lina Dot,minimalista,minimalista,tobillo,mediano,85000,2026-06-05,manana,cancelada,0,2.25,si,alta,20,Idea minimalista en tobillo con Lina Dot
RES-0385,2026-05-26,09:00,Matias Morales,@matias.morales,Instagram,recomendacion,San Pablo,Mila Shade,sombras suaves,minimalista,costillas,pequeno,65000,2026-05-29,tarde,confirmada,25000,1.25,si,media,51,Idea minimalista en costillas con Mila Shade
RES-0386,2026-05-26,13:30,Josefa Navarro,@josefa.navarro,Instagram,TikTok,San Pablo,Rayo,tradicional,lettering,brazo,pequeno,40000,2026-05-29,mediodia,confirmada,15000,1,no,media,31,Idea lettering en brazo con Rayo
RES-0387,2026-05-31,12:30,Francisca Vargas,+56945864233,WhatsApp,visita directa,Ovejeria,Kuro,blackwork,tradicional,espalda,mediano,140000,2026-06-04,manana,cancelada,0,2.25,no,baja,25,Idea tradicional en espalda con Kuro
RES-0388,2026-05-16,15:00,Cristobal Espinoza,@cristobal.espinoza,Instagram,TikTok,Puerto Octay,Atlas,piezas grandes,blackwork,tobillo,grande,245000,2026-05-19,tarde,pendiente,0,4.5,si,alta,50,Idea blackwork en tobillo con Atlas
RES-0389,2026-06-16,11:00,Lucas Godoy,@lucas.godoy,Instagram,cliente recurrente,Osorno,Rayo,tradicional,blackwork color,antebrazo,grande,180000,2026-06-19,manana,confirmada,50000,3.5,no,media,69,Idea a color blackwork en antebrazo con Rayo
RES-0390,2026-06-06,13:30,Ignacio Rojas,+56923484889,WhatsApp,cliente recurrente,Purranque,Rayo,tradicional,blackwork,costillas,sesion larga,305000,2026-06-17,tarde,confirmada,65000,5,si,media,96,Idea blackwork en costillas con Rayo
RES-0391,2026-06-15,09:30,Tomas Bravo,@tomas.bravo,Instagram,TikTok,Rahue,Nova Ink,fine line,fine line,antebrazo,mediano,95000,2026-06-19,manana,reagendada,0,3,si,alta,22,Idea fine line en antebrazo con Nova Ink
RES-0392,2026-05-28,11:30,Agustin Gallardo,@agustin.gallardo,Instagram,cliente recurrente,Osorno,Nova Ink,fine line,fine line,brazo,pequeno,50000,2026-06-02,tarde,confirmada,20000,1.25,si,alta,50,Idea fine line en brazo con Nova Ink
RES-0393,2026-06-19,13:00,Matias Navarro,@matias.navarro,Instagram,recomendacion,Rio Negro,Mila Shade,sombras suaves,minimalista,brazo,mediano,85000,2026-06-23,tarde,contactar,0,2.25,si,baja,30,Idea minimalista en brazo con Mila Shade
RES-0394,2026-06-03,17:00,Felipe Paredes,@felipe.paredes,Instagram,Instagram,Osorno,Atlas,piezas grandes,tradicional,muneca,grande,200000,2026-06-06,mediodia,reagendada,0,4.5,si,baja,41,Idea tradicional en muneca con Atlas
RES-0395,2026-05-13,12:30,Tomas Vera,+56981026394,WhatsApp,TikTok,Rio Negro,Atlas,piezas grandes,blackwork color,antebrazo,sesion larga,430000,2026-05-16,mediodia,pendiente,0,6,si,media,79,Idea a color blackwork en antebrazo con Atlas
RES-0396,2026-05-24,10:00,Lucas Rojas,@lucas.rojas,Instagram,cliente recurrente,Puerto Octay,Kuro,blackwork,blackwork color,pecho,pequeno,55000,2026-05-27,mediodia,cancelada,0,0.75,si,alta,27,Idea a color blackwork en pecho con Kuro
RES-0397,2026-05-21,13:30,Javiera Castillo,@javiera.castillo,Instagram,Instagram,Rio Negro,Nova Ink,fine line,minimalista,brazo,sesion larga,260000,2026-05-29,fin de semana,pendiente,0,5,no,baja,47,Idea minimalista en brazo con Nova Ink
RES-0398,2026-06-03,10:00,Emilia Rojas,+56920180001,WhatsApp,evento AIEP,Purranque,Kuro,blackwork,blackwork color,cuello,pequeno,50000,2026-06-06,tarde,pendiente,0,0.75,si,baja,14,Idea a color blackwork en cuello con Kuro
RES-0399,2026-05-30,14:30,Gabriel Soto,@gabriel.soto,Instagram,Google,Puerto Octay,Mila Shade,sombras suaves,geometrico,espalda,mediano,165000,2026-06-02,fin de semana,contactar,0,3,no,media,30,Idea geometrico en espalda con Mila Shade
RES-0400,2026-05-25,16:00,Vicente Vera,+56979200562,WhatsApp,TikTok,Francke,Rayo,tradicional,blackwork,pierna,sesion larga,310000,2026-05-28,tarde,contactar,0,6,no,alta,52,Idea blackwork en pierna con Rayo
RES-0401,2026-06-19,09:30,Constanza Oyarzo,@constanza.oyarzo,Instagram,TikTok,Osorno,Lina Dot,minimalista,geometrico,cuello,mediano,90000,2026-06-23,tarde,confirmada,25000,2.25,si,baja,45,Idea geometrico en cuello con Lina Dot
RES-0402,2026-05-31,15:00,Maximiliano Vargas,+56981782082,WhatsApp,recomendacion,San Pablo,Lina Dot,minimalista,geometrico,pierna,pequeno,40000,2026-06-04,fin de semana,confirmada,15000,1,si,baja,46,Idea geometrico en pierna con Lina Dot
RES-0403,2026-06-09,12:30,Lucas Rojas,+56943906592,WhatsApp,visita directa,Rahue,Nova Ink,fine line,minimalista,pecho,mediano,85000,2026-06-12,mediodia,confirmada,30000,1.75,si,media,44,Idea minimalista en pecho con Nova Ink
RES-0404,2026-06-16,16:00,Matias Alvarez,+56968125302,WhatsApp,Google,Purranque,Rayo,tradicional,tradicional color,muneca,grande,230000,2026-06-20,fin de semana,confirmada,50000,4.5,si,alta,71,Idea a color tradicional en muneca con Rayo
RES-0405,2026-05-14,14:30,Josefa Vera,+56941083163,WhatsApp,TikTok,Rio Negro,Mila Shade,sombras suaves,minimalista,espalda,pequeno,40000,2026-05-19,tarde,cancelada,0,0.75,si,media,12,Idea minimalista en espalda con Mila Shade
RES-0406,2026-05-20,12:30,Gabriel Oyarzo,+56957863148,WhatsApp,evento AIEP,San Pablo,Lina Dot,minimalista,fine line,hombro,pequeno,40000,2026-05-23,tarde,pendiente,0,0.75,si,media,12,Idea fine line en hombro con Lina Dot
RES-0407,2026-06-11,10:00,Florencia Mansilla,@florencia.mansilla,Instagram,recomendacion,Osorno,Lina Dot,minimalista,minimalista,pecho,mediano,85000,2026-06-16,tarde,cancelada,0,2.25,si,alta,30,Idea minimalista en pecho con Lina Dot
RES-0408,2026-06-17,13:30,Javiera Carrasco,@javiera.carrasco,Instagram,evento AIEP,San Pablo,Kuro,blackwork,tradicional,mano/dedos,pequeno,55000,2026-06-20,manana,pendiente,0,1,no,media,12,Idea tradicional en mano/dedos con Kuro
RES-0409,2026-05-19,09:30,Nicolas Saavedra,+56910646804,WhatsApp,Google,Rio Negro,Nova Ink,fine line,lettering color,hombro,pequeno,60000,2026-05-22,tarde,pendiente,0,1.25,si,media,16,Idea a color lettering en hombro con Nova Ink
RES-0410,2026-05-22,11:00,Diego Munoz,+56933604344,WhatsApp,recomendacion,Osorno,Kuro,blackwork,blackwork,pecho,mediano,155000,2026-05-29,tarde,confirmada,45000,2.25,si,baja,67,Idea blackwork en pecho con Kuro
RES-0411,2026-06-05,17:30,Tomas Alvarez,+56954927517,WhatsApp,Instagram,Rahue,Atlas,piezas grandes,geometrico,cuello,mediano,170000,2026-06-10,tarde,contactar,0,3,si,baja,36,Idea geometrico en cuello con Atlas
RES-0412,2026-05-16,10:00,Josefa Araya,+56966398808,WhatsApp,Instagram,Purranque,Rayo,tradicional,tradicional color,pecho,mediano,120000,2026-05-19,tarde,contactar,0,1.75,si,alta,27,Idea a color tradicional en pecho con Rayo
RES-0413,2026-05-27,14:30,Renata Rojas,+56917207571,WhatsApp,Instagram,Ovejeria,Kuro,blackwork,blackwork,mano/dedos,mediano,150000,2026-05-30,manana,pendiente,0,2.25,si,media,32,Idea blackwork en mano/dedos con Kuro
RES-0414,2026-06-05,15:00,Trinidad Leiva,+56940022509,WhatsApp,TikTok,Rahue,Atlas,piezas grandes,tradicional color,brazo,pequeno,50000,2026-06-09,manana,confirmada,20000,0.75,si,baja,38,Idea a color tradicional en brazo con Atlas
RES-0415,2026-05-19,17:00,Trinidad Miranda,@trinidad.miranda,Instagram,TikTok,Rio Negro,Atlas,piezas grandes,geometrico,pierna,pequeno,40000,2026-05-22,tarde,pendiente,0,0.75,no,media,12,Idea geometrico en pierna con Atlas
RES-0416,2026-05-17,17:00,Joaquin Reyes,+56948336619,WhatsApp,visita directa,Ovejeria,Rayo,tradicional,lettering,costillas,pequeno,65000,2026-05-20,manana,confirmada,25000,1.25,si,media,41,Idea lettering en costillas con Rayo
RES-0417,2026-06-13,14:00,Emilia Navarro,+56993119604,WhatsApp,cliente recurrente,Rahue,Nova Ink,fine line,fine line,tobillo,mediano,95000,2026-06-16,mediodia,confirmada,25000,3,no,baja,53,Idea fine line en tobillo con Nova Ink
RES-0418,2026-05-16,13:30,Martina Soto,+56954629555,WhatsApp,evento AIEP,Francke,Lina Dot,minimalista,geometrico,espalda,pequeno,45000,2026-05-19,tarde,contactar,0,1,si,media,13,Idea geometrico en espalda con Lina Dot
RES-0419,2026-05-21,12:00,Martina Araya,+56987975002,WhatsApp,TikTok,Ovejeria,Mila Shade,sombras suaves,fine line,pecho,pequeno,40000,2026-05-26,tarde,contactar,0,0.75,no,baja,12,Idea fine line en pecho con Mila Shade
RES-0420,2026-05-22,11:30,Cristobal Gallardo,+56954318403,WhatsApp,recomendacion,Puerto Octay,Mila Shade,sombras suaves,geometrico color,costillas,mediano,170000,2026-05-26,fin de semana,cancelada,0,3,si,media,46,Idea a color geometrico en costillas con Mila Shade
RES-0421,2026-06-17,15:30,Vicente Oyarzo,+56973991183,WhatsApp,cliente recurrente,Francke,Kuro,blackwork,geometrico,muneca,pequeno,55000,2026-06-20,manana,confirmada,20000,1.25,no,media,46,Idea geometrico en muneca con Kuro
RES-0422,2026-06-07,13:30,Cristobal Paredes,+56983497111,WhatsApp,Google,San Pablo,Rayo,tradicional,lettering color,pecho,grande,330000,2026-06-18,fin de semana,confirmada,75000,5.5,si,media,85,Idea a color lettering en pecho con Rayo
RES-0423,2026-05-24,10:00,Francisca Gallardo,+56925423374,WhatsApp,Instagram,Ovejeria,Rayo,tradicional,tradicional color,costillas,pequeno,80000,2026-05-27,fin de semana,confirmada,30000,1.25,si,media,44,Idea a color tradicional en costillas con Rayo
RES-0424,2026-05-20,13:30,Vicente Cortes,@vicente.cortes,Instagram,visita directa,San Pablo,Kuro,blackwork,geometrico,espalda,grande,300000,2026-05-23,manana,contactar,0,4.5,no,baja,55,Idea geometrico en espalda con Kuro
RES-0425,2026-05-14,09:00,Matias Navarro,+56957123420,WhatsApp,Instagram,Puerto Octay,Atlas,piezas grandes,geometrico,pecho,grande,280000,2026-05-19,fin de semana,confirmada,60000,4.5,si,alta,80,Idea geometrico en pecho con Atlas
RES-0426,2026-05-15,12:30,Matias Rojas,+56929918603,WhatsApp,Google,Ovejeria,Rayo,tradicional,blackwork,tobillo,mediano,125000,2026-05-19,tarde,confirmada,35000,3,no,media,47,Idea blackwork en tobillo con Rayo
RES-0427,2026-05-20,17:00,Joaquin Miranda,+56928316807,WhatsApp,visita directa,Purranque,Kuro,blackwork,tradicional color,costillas,mediano,130000,2026-05-23,mediodia,confirmada,35000,1.75,si,media,53,Idea a color tradicional en costillas con Kuro
RES-0428,2026-06-12,12:30,Nicolas Gallardo,+56979561831,WhatsApp,Instagram,San Pablo,Lina Dot,minimalista,geometrico,hombro,pequeno,40000,2026-06-16,tarde,cancelada,0,0.75,si,media,12,Idea geometrico en hombro con Lina Dot
RES-0429,2026-06-04,13:30,Martina Miranda,+56963391264,WhatsApp,evento AIEP,Puerto Octay,Kuro,blackwork,geometrico,tobillo,pequeno,45000,2026-06-10,manana,confirmada,15000,1,si,alta,37,Idea geometrico en tobillo con Kuro
RES-0430,2026-06-17,12:30,Lucas Godoy,+56990242515,WhatsApp,Instagram,Ovejeria,Atlas,piezas grandes,blackwork,costillas,pequeno,80000,2026-06-20,manana,confirmada,30000,1,si,baja,44,Idea blackwork en costillas con Atlas
RES-0431,2026-05-30,16:30,Vicente Espinoza,@vicente.espinoza,Instagram,cliente recurrente,San Pablo,Kuro,blackwork,tradicional color,antebrazo,pequeno,75000,2026-06-03,tarde,pendiente,0,1.25,no,alta,26,Idea a color tradicional en antebrazo con Kuro
RES-0432,2026-05-17,10:30,Vicente Reyes,+56962320252,WhatsApp,Instagram,Puerto Octay,Atlas,piezas grandes,blackwork,antebrazo,mediano,110000,2026-05-21,fin de semana,confirmada,30000,1.75,si,alta,49,Idea blackwork en antebrazo con Atlas
RES-0433,2026-05-27,12:30,Josefa Munoz,@josefa.munoz,Instagram,evento AIEP,Purranque,Kuro,blackwork,blackwork color,cuello,pequeno,70000,2026-05-30,mediodia,confirmada,25000,1,si,media,42,Idea a color blackwork en cuello con Kuro
RES-0434,2026-06-08,16:00,Bastian Espinoza,+56994593202,WhatsApp,cliente recurrente,Osorno,Mila Shade,sombras suaves,minimalista color,pierna,pequeno,45000,2026-06-11,tarde,contactar,0,1,si,media,25,Idea a color minimalista en pierna con Mila Shade
RES-0435,2026-05-22,11:00,Francisca Gallardo,+56993791390,WhatsApp,Instagram,Rio Negro,Mila Shade,sombras suaves,minimalista color,pecho,grande,180000,2026-05-26,manana,contactar,0,3.5,no,media,33,Idea a color minimalista en pecho con Mila Shade
RES-0436,2026-05-27,15:30,Vicente Castillo,+56994912320,WhatsApp,TikTok,Osorno,Rayo,tradicional,tradicional,costillas,mediano,170000,2026-05-30,tarde,confirmada,50000,3,si,alta,60,Idea tradicional en costillas con Rayo
RES-0437,2026-06-13,16:00,Matias Espinoza,@matias.espinoza,Instagram,TikTok,San Pablo,Mila Shade,sombras suaves,minimalista,espalda,pequeno,60000,2026-06-16,mediodia,cancelada,0,1.25,si,media,16,Idea minimalista en espalda con Mila Shade
RES-0438,2026-05-14,13:30,Benjamin Leiva,+56952490158,WhatsApp,TikTok,San Pablo,Mila Shade,sombras suaves,fine line color,antebrazo,pequeno,45000,2026-05-20,fin de semana,cancelada,0,1,si,alta,13,Idea a color fine line en antebrazo con Mila Shade
RES-0439,2026-06-01,13:30,Constanza Navarro,+56964397457,WhatsApp,cliente recurrente,Osorno,Nova Ink,fine line,lettering,tobillo,mediano,85000,2026-06-04,fin de semana,confirmada,30000,2.25,no,alta,51,Idea lettering en tobillo con Nova Ink
RES-0440,2026-05-25,13:30,Cristobal Vera,+56943253645,WhatsApp,cliente recurrente,Rahue,Mila Shade,sombras suaves,fine line color,espalda,pequeno,55000,2026-05-28,manana,cancelada,0,1,no,media,22,Idea a color fine line en espalda con Mila Shade
RES-0441,2026-06-05,16:30,Vicente Munoz,+56990875050,WhatsApp,visita directa,Puerto Octay,Kuro,blackwork,tradicional,espalda,pequeno,75000,2026-06-10,manana,confirmada,25000,1.25,no,baja,38,Idea tradicional en espalda con Kuro
RES-0442,2026-06-13,12:00,Renata Oyarzo,@renata.oyarzo,Instagram,Google,San Pablo,Nova Ink,fine line,fine line,espalda,grande,180000,2026-06-19,fin de semana,pendiente,0,3.5,no,media,33,Idea fine line en espalda con Nova Ink
RES-0443,2026-06-07,14:00,Tomas Leiva,@tomas.leiva,Instagram,Instagram,Rio Negro,Mila Shade,sombras suaves,geometrico,hombro,grande,275000,2026-06-10,mediodia,confirmada,60000,5.5,no,baja,70,Idea geometrico en hombro con Mila Shade
RES-0444,2026-06-09,15:30,Florencia Carrasco,+56963987020,WhatsApp,TikTok,Rahue,Atlas,piezas grandes,geometrico color,pierna,mediano,170000,2026-06-12,mediodia,confirmada,50000,3,si,baja,60,Idea a color geometrico en pierna con Atlas
RES-0445,2026-05-31,15:00,Trinidad Cortes,+56957608031,WhatsApp,recomendacion,Purranque,Rayo,tradicional,blackwork,brazo,pequeno,65000,2026-06-03,tarde,pendiente,0,1.25,no,media,22,Idea blackwork en brazo con Rayo
RES-0446,2026-06-02,12:00,Martina Espinoza,+56975232781,WhatsApp,Google,Francke,Lina Dot,minimalista,fine line,muneca,grande,180000,2026-06-06,tarde,confirmada,50000,5.5,si,alta,58,Idea fine line en muneca con Lina Dot
RES-0447,2026-05-23,16:30,Matias Mansilla,+56918516543,WhatsApp,Google,Ovejeria,Rayo,tradicional,blackwork,pierna,mediano,110000,2026-05-26,tarde,pendiente,0,2.25,si,media,25,Idea blackwork en pierna con Rayo
RES-0448,2026-06-03,14:00,Renata Vargas,+56950003938,WhatsApp,recomendacion,San Pablo,Kuro,blackwork,geometrico color,cuello,grande,290000,2026-06-06,mediodia,confirmada,65000,4.5,no,media,87,Idea a color geometrico en cuello con Kuro
RES-0449,2026-06-04,15:00,Maximiliano Cardenas,@maximiliano.cardenas,Instagram,cliente recurrente,Purranque,Mila Shade,sombras suaves,minimalista,tobillo,sesion larga,260000,2026-06-09,mediodia,pendiente,0,7,si,alta,60,Idea minimalista en tobillo con Mila Shade
RES-0450,2026-05-22,13:30,Martina Vera,+56949346361,WhatsApp,TikTok,Ovejeria,Nova Ink,fine line,minimalista color,pecho,mediano,85000,2026-05-28,fin de semana,confirmada,30000,1.75,si,media,44,Idea a color minimalista en pecho con Nova Ink
RES-0451,2026-05-31,16:30,Sofia Paredes,+56998300099,WhatsApp,TikTok,Osorno,Lina Dot,minimalista,geometrico,espalda,pequeno,50000,2026-06-04,mediodia,pendiente,0,1,si,media,14,Idea geometrico en espalda con Lina Dot
RES-0452,2026-06-07,17:30,Renata Castillo,@renata.castillo,Instagram,evento AIEP,San Pablo,Lina Dot,minimalista,fine line,espalda,grande,235000,2026-06-12,manana,pendiente,0,5.5,no,media,39,Idea fine line en espalda con Lina Dot
RES-0453,2026-05-16,12:30,Diego Miranda,@diego.miranda,Instagram,visita directa,Francke,Kuro,blackwork,tradicional,pierna,pequeno,45000,2026-05-19,tarde,contactar,0,0.75,si,media,13,Idea tradicional en pierna con Kuro
RES-0454,2026-06-07,16:30,Cristobal Reyes,+56931734252,WhatsApp,cliente recurrente,Rahue,Lina Dot,minimalista,minimalista,tobillo,pequeno,40000,2026-06-10,tarde,confirmada,15000,0.75,no,alta,43,Idea minimalista en tobillo con Lina Dot
RES-0455,2026-05-21,11:00,Tomas Vera,+56940656979,WhatsApp,recomendacion,Purranque,Nova Ink,fine line,fine line,cuello,mediano,100000,2026-05-29,manana,pendiente,0,2.25,si,baja,33,Idea fine line en cuello con Nova Ink
RES-0456,2026-06-10,09:00,Tomas Mansilla,@tomas.mansilla,Instagram,cliente recurrente,San Pablo,Mila Shade,sombras suaves,fine line,cuello,pequeno,40000,2026-06-13,mediodia,pendiente,0,0.75,si,baja,24,Idea fine line en cuello con Mila Shade
RES-0457,2026-06-15,17:30,Matias Godoy,@matias.godoy,Instagram,Google,Osorno,Lina Dot,minimalista,minimalista,espalda,grande,235000,2026-06-30,tarde,confirmada,50000,5.5,si,baja,68,Idea minimalista en espalda con Lina Dot
RES-0458,2026-06-19,13:00,Ignacio Carrasco,@ignacio.carrasco,Instagram,recomendacion,Osorno,Lina Dot,minimalista,fine line,antebrazo,grande,180000,2026-07-01,tarde,confirmada,50000,5.5,si,media,68,Idea fine line en antebrazo con Lina Dot
RES-0459,2026-06-16,09:30,Antonia Paredes,+56912697542,WhatsApp,Instagram,Purranque,Lina Dot,minimalista,fine line,muneca,pequeno,40000,2026-06-19,tarde,pendiente,0,1.25,no,media,12,Idea fine line en muneca con Lina Dot
RES-0460,2026-06-17,17:30,Benjamin Cortes,@benjamin.cortes,Instagram,Google,San Pablo,Atlas,piezas grandes,blackwork,brazo,grande,240000,2026-06-24,mediodia,confirmada,55000,4.5,no,media,68,Idea blackwork en brazo con Atlas
RES-0461,2026-05-17,16:30,Nicolas Rojas,+56919199605,WhatsApp,TikTok,Francke,Nova Ink,fine line,lettering color,costillas,grande,190000,2026-05-20,fin de semana,confirmada,55000,3.5,si,baja,64,Idea a color lettering en costillas con Nova Ink
RES-0462,2026-05-15,09:00,Ignacio Vera,+56945778082,WhatsApp,recomendacion,San Pablo,Lina Dot,minimalista,geometrico color,costillas,pequeno,75000,2026-05-19,manana,confirmada,25000,1.25,si,alta,53,Idea a color geometrico en costillas con Lina Dot
RES-0463,2026-05-25,10:00,Valentina Araya,@valentina.araya,Instagram,cliente recurrente,Puerto Octay,Lina Dot,minimalista,fine line,muneca,grande,180000,2026-05-28,tarde,confirmada,50000,3.5,si,media,74,Idea fine line en muneca con Lina Dot
RES-0464,2026-05-22,12:00,Javiera Gallardo,@javiera.gallardo,Instagram,Google,San Pablo,Nova Ink,fine line,lettering color,mano/dedos,mediano,155000,2026-05-29,tarde,confirmada,45000,3,si,baja,57,Idea a color lettering en mano/dedos con Nova Ink
RES-0465,2026-05-26,17:00,Agustin Soto,+56966700457,WhatsApp,visita directa,Francke,Nova Ink,fine line,fine line,tobillo,sesion larga,260000,2026-06-20,manana,contactar,0,7,no,alta,43,Idea fine line en tobillo con Nova Ink
RES-0466,2026-06-19,17:00,Sebastian Navarro,+56925441301,WhatsApp,TikTok,Puerto Octay,Kuro,blackwork,geometrico color,brazo,mediano,135000,2026-06-24,fin de semana,pendiente,0,2.25,si,baja,30,Idea a color geometrico en brazo con Kuro
RES-0467,2026-05-23,16:30,Valentina Reyes,+56949075584,WhatsApp,cliente recurrente,Ovejeria,Rayo,tradicional,lettering,pierna,pequeno,50000,2026-05-26,manana,confirmada,20000,1.25,si,alta,50,Idea lettering en pierna con Rayo
RES-0468,2026-06-18,10:00,Javiera Bravo,+56924022448,WhatsApp,evento AIEP,Purranque,Nova Ink,fine line,lettering,tobillo,mediano,85000,2026-06-23,fin de semana,pendiente,0,1.75,si,media,20,Idea lettering en tobillo con Nova Ink
RES-0469,2026-05-18,11:00,Fernanda Miranda,@fernanda.miranda,Instagram,TikTok,Osorno,Atlas,piezas grandes,blackwork,mano/dedos,pequeno,80000,2026-05-22,tarde,pendiente,0,1.25,si,media,20,Idea blackwork en mano/dedos con Atlas
RES-0470,2026-06-07,11:30,Nicolas Vargas,+56923438409,WhatsApp,evento AIEP,San Pablo,Lina Dot,minimalista,geometrico color,tobillo,pequeno,40000,2026-06-10,tarde,cancelada,0,0.75,si,alta,12,Idea a color geometrico en tobillo con Lina Dot
RES-0471,2026-06-04,16:00,Sofia Paredes,+56985309804,WhatsApp,cliente recurrente,Rahue,Rayo,tradicional,blackwork,tobillo,sesion larga,295000,2026-06-09,mediodia,contactar,0,7,si,baja,67,Idea blackwork en tobillo con Rayo
RES-0472,2026-05-31,12:00,Diego Paredes,@diego.paredes,Instagram,TikTok,Purranque,Atlas,piezas grandes,tradicional color,pecho,mediano,135000,2026-06-03,mediodia,pendiente,0,1.75,si,media,30,Idea a color tradicional en pecho con Atlas
RES-0473,2026-05-26,11:00,Joaquin Bravo,@joaquin.bravo,Instagram,evento AIEP,San Pablo,Rayo,tradicional,blackwork color,espalda,mediano,140000,2026-05-29,mediodia,pendiente,0,1.75,si,alta,30,Idea a color blackwork en espalda con Rayo
RES-0474,2026-06-12,15:30,Javiera Soto,+56963771995,WhatsApp,TikTok,Ovejeria,Lina Dot,minimalista,minimalista,pierna,pequeno,40000,2026-06-16,manana,confirmada,15000,1,no,media,31,Idea minimalista en pierna con Lina Dot
RES-0475,2026-05-19,15:00,Catalina Munoz,+56948241924,WhatsApp,visita directa,Osorno,Rayo,tradicional,blackwork color,hombro,grande,280000,2026-05-22,mediodia,confirmada,60000,4.5,si,media,80,Idea a color blackwork en hombro con Rayo
RES-0476,2026-05-16,11:00,Tomas Carrasco,+56954418876,WhatsApp,Instagram,Osorno,Lina Dot,minimalista,geometrico,tobillo,grande,180000,2026-05-21,mediodia,confirmada,50000,3.5,si,media,62,Idea geometrico en tobillo con Lina Dot
RES-0477,2026-06-11,09:00,Bastian Miranda,+56935468324,WhatsApp,recomendacion,Puerto Octay,Atlas,piezas grandes,tradicional color,espalda,pequeno,65000,2026-06-16,tarde,pendiente,0,0.75,si,baja,27,Idea a color tradicional en espalda con Atlas
RES-0478,2026-05-28,17:00,Bastian Vargas,@bastian.vargas,Instagram,Google,Rio Negro,Kuro,blackwork,geometrico,pierna,mediano,85000,2026-06-04,manana,reagendada,0,1.75,si,alta,20,Idea geometrico en pierna con Kuro
RES-0479,2026-06-11,15:30,Renata Mansilla,@renata.mansilla,Instagram,evento AIEP,Puerto Octay,Rayo,tradicional,lettering,tobillo,grande,180000,2026-06-24,tarde,pendiente,0,4.5,no,baja,33,Idea lettering en tobillo con Rayo
RES-0480,2026-05-18,17:00,Camila Vera,+56952487348,WhatsApp,TikTok,San Pablo,Nova Ink,fine line,minimalista,cuello,pequeno,45000,2026-05-21,manana,confirmada,15000,1,si,alta,37,Idea minimalista en cuello con Nova Ink
RES-0481,2026-06-13,11:30,Martina Bravo,+56956464441,WhatsApp,cliente recurrente,Rahue,Lina Dot,minimalista,minimalista,pierna,grande,180000,2026-06-16,tarde,confirmada,50000,4.5,si,media,74,Idea minimalista en pierna con Lina Dot
RES-0482,2026-06-16,12:00,Valentina Vargas,@valentina.vargas,Instagram,TikTok,Rio Negro,Kuro,blackwork,geometrico,antebrazo,mediano,90000,2026-06-19,manana,confirmada,25000,2.25,si,media,45,Idea geometrico en antebrazo con Kuro
RES-0483,2026-06-02,13:00,Bastian Cardenas,+56957788231,WhatsApp,evento AIEP,Ovejeria,Kuro,blackwork,tradicional,espalda,mediano,170000,2026-06-05,tarde,confirmada,50000,3,si,baja,60,Idea tradicional en espalda con Kuro
RES-0484,2026-06-14,15:00,Bastian Morales,@bastian.morales,Instagram,evento AIEP,Rio Negro,Atlas,piezas grandes,geometrico color,hombro,pequeno,70000,2026-06-17,fin de semana,pendiente,0,1,si,media,18,Idea a color geometrico en hombro con Atlas
RES-0485,2026-05-14,17:30,Valentina Munoz,@valentina.munoz,Instagram,Google,Purranque,Kuro,blackwork,tradicional color,brazo,mediano,130000,2026-05-19,fin de semana,pendiente,0,2.25,si,baja,29,Idea a color tradicional en brazo con Kuro
RES-0486,2026-05-30,11:00,Ignacio Rojas,@ignacio.rojas,Instagram,TikTok,Ovejeria,Nova Ink,fine line,lettering color,costillas,mediano,160000,2026-06-03,fin de semana,cancelada,0,3,si,media,34,Idea a color lettering en costillas con Nova Ink
RES-0487,2026-06-11,14:30,Fernanda Morales,+56960512440,WhatsApp,Instagram,Puerto Octay,Atlas,piezas grandes,tradicional color,hombro,mediano,170000,2026-06-16,mediodia,pendiente,0,3,si,baja,36,Idea a color tradicional en hombro con Atlas
RES-0488,2026-05-16,14:00,Sebastian Miranda,@sebastian.miranda,Instagram,recomendacion,Osorno,Lina Dot,minimalista,minimalista,pierna,mediano,85000,2026-05-19,fin de semana,pendiente,0,2.25,no,media,25,Idea minimalista en pierna con Lina Dot
RES-0489,2026-06-06,09:00,Antonia Alvarez,+56956162633,WhatsApp,visita directa,Ovejeria,Nova Ink,fine line,minimalista,cuello,mediano,135000,2026-06-11,mediodia,pendiente,0,3,si,alta,30,Idea minimalista en cuello con Nova Ink
RES-0490,2026-06-12,12:30,Agustin Miranda,+56914283695,WhatsApp,recomendacion,San Pablo,Atlas,piezas grandes,blackwork color,mano/dedos,grande,330000,2026-06-18,manana,pendiente,0,5.5,si,baja,71,Idea a color blackwork en mano/dedos con Atlas
RES-0491,2026-05-27,16:00,Cristobal Paredes,@cristobal.paredes,Instagram,visita directa,Rio Negro,Atlas,piezas grandes,blackwork color,mano/dedos,mediano,170000,2026-06-06,tarde,confirmada,50000,3,si,media,60,Idea a color blackwork en mano/dedos con Atlas
RES-0492,2026-06-05,11:30,Benjamin Rojas,+56923874949,WhatsApp,recomendacion,Purranque,Atlas,piezas grandes,geometrico,pierna,pequeno,50000,2026-06-10,mediodia,reagendada,0,1,si,media,24,Idea geometrico en pierna con Atlas
RES-0493,2026-06-04,15:30,Felipe Vera,@felipe.vera,Instagram,TikTok,Purranque,Mila Shade,sombras suaves,minimalista,muneca,grande,180000,2026-06-11,mediodia,reagendada,0,5.5,si,baja,34,Idea minimalista en muneca con Mila Shade
RES-0494,2026-06-11,14:30,Camila Castillo,+56955300648,WhatsApp,recomendacion,Rahue,Kuro,blackwork,geometrico color,cuello,pequeno,50000,2026-06-16,tarde,reagendada,0,0.75,si,media,24,Idea a color geometrico en cuello con Kuro
RES-0495,2026-05-31,14:00,Sebastian Reyes,@sebastian.reyes,Instagram,TikTok,San Pablo,Mila Shade,sombras suaves,geometrico color,cuello,sesion larga,450000,2026-07-16,tarde,contactar,0,7,si,media,83,Idea a color geometrico en cuello con Mila Shade
RES-0496,2026-05-20,09:00,Camila Oyarzo,@camila.oyarzo,Instagram,cliente recurrente,Ovejeria,Rayo,tradicional,blackwork,pierna,grande,300000,2026-05-28,tarde,confirmada,65000,5.5,no,media,87,Idea blackwork en pierna con Rayo
RES-0497,2026-05-23,09:30,Sofia Vera,+56988147657,WhatsApp,TikTok,Francke,Kuro,blackwork,geometrico,brazo,mediano,105000,2026-06-04,mediodia,pendiente,0,2.25,no,alta,19,Idea geometrico en brazo con Kuro
RES-0498,2026-06-09,17:00,Cristobal Saavedra,+56969899421,WhatsApp,TikTok,Francke,Nova Ink,fine line,minimalista,costillas,grande,190000,2026-06-13,mediodia,pendiente,0,4.5,si,media,40,Idea minimalista en costillas con Nova Ink
RES-0499,2026-05-29,17:00,Francisca Morales,@francisca.morales,Instagram,TikTok,San Pablo,Nova Ink,fine line,minimalista,pierna,sesion larga,260000,2026-06-03,tarde,confirmada,55000,5,si,alta,76,Idea minimalista en pierna con Nova Ink
RES-0500,2026-06-08,10:30,Catalina Oyarzo,@catalina.oyarzo,Instagram,Instagram,Osorno,Nova Ink,fine line,lettering,pecho,mediano,130000,2026-06-11,fin de semana,confirmada,35000,3,no,media,48,Idea lettering en pecho con Nova Ink
RES-0501,2026-05-21,16:00,Antonia Vera,+56984948946,WhatsApp,visita directa,Rahue,Kuro,blackwork,blackwork,espalda,mediano,115000,2026-05-27,tarde,pendiente,0,1.75,no,media,21,Idea blackwork en espalda con Kuro
RES-0502,2026-06-06,09:30,Tomas Mansilla,@tomas.mansilla,Instagram,TikTok,Osorno,Atlas,piezas grandes,blackwork color,muneca,mediano,160000,2026-06-10,fin de semana,contactar,0,3,si,media,34,Idea a color blackwork en muneca con Atlas
RES-0503,2026-05-26,16:30,Valentina Navarro,+56916666768,WhatsApp,evento AIEP,Ovejeria,Mila Shade,sombras suaves,fine line,cuello,mediano,130000,2026-05-30,mediodia,contactar,0,3,no,baja,24,Idea fine line en cuello con Mila Shade
RES-0504,2026-05-27,17:30,Joaquin Vargas,+56929229640,WhatsApp,Google,Osorno,Lina Dot,minimalista,fine line,antebrazo,mediano,85000,2026-06-02,tarde,pendiente,0,2.25,si,alta,20,Idea fine line en antebrazo con Lina Dot
RES-0505,2026-06-16,14:00,Constanza Miranda,+56948157694,WhatsApp,TikTok,Rahue,Nova Ink,fine line,fine line,espalda,mediano,95000,2026-06-19,fin de semana,pendiente,0,2.25,no,media,17,Idea fine line en espalda con Nova Ink
RES-0506,2026-05-13,16:00,Agustin Vera,+56954211124,WhatsApp,visita directa,Rio Negro,Nova Ink,fine line,fine line,pierna,pequeno,50000,2026-05-16,tarde,confirmada,20000,1.25,si,baja,38,Idea fine line en pierna con Nova Ink
RES-0507,2026-05-17,11:30,Agustin Miranda,@agustin.miranda,Instagram,Instagram,Puerto Octay,Atlas,piezas grandes,blackwork color,muneca,mediano,110000,2026-05-22,fin de semana,confirmada,30000,1.75,si,media,49,Idea a color blackwork en muneca con Atlas
RES-0508,2026-06-12,15:00,Martina Soto,+56992898472,WhatsApp,cliente recurrente,Francke,Rayo,tradicional,tradicional color,cuello,mediano,170000,2026-06-19,mediodia,confirmada,50000,3,si,baja,72,Idea a color tradicional en cuello con Rayo
RES-0509,2026-05-21,10:30,Constanza Leiva,+56938638708,WhatsApp,TikTok,Rahue,Rayo,tradicional,tradicional color,muneca,pequeno,40000,2026-05-26,tarde,confirmada,15000,0.75,no,baja,31,Idea a color tradicional en muneca con Rayo
RES-0510,2026-05-15,10:00,Tomas Leiva,+56952374580,WhatsApp,cliente recurrente,Ovejeria,Kuro,blackwork,tradicional,brazo,pequeno,55000,2026-05-19,manana,contactar,0,1,si,media,27,Idea tradicional en brazo con Kuro
RES-0511,2026-05-22,14:30,Francisca Gallardo,+56976961211,WhatsApp,Instagram,Ovejeria,Nova Ink,fine line,fine line,pecho,mediano,140000,2026-05-30,mediodia,contactar,0,3,no,media,25,Idea fine line en pecho con Nova Ink
RES-0512,2026-05-22,12:30,Tomas Cortes,+56969244362,WhatsApp,Google,Ovejeria,Mila Shade,sombras suaves,geometrico color,brazo,sesion larga,280000,2026-05-26,mediodia,confirmada,60000,6,si,media,76,Idea a color geometrico en brazo con Mila Shade
RES-0513,2026-06-10,15:00,Vicente Godoy,+56968772929,WhatsApp,cliente recurrente,Ovejeria,Mila Shade,sombras suaves,fine line,pecho,mediano,125000,2026-06-13,manana,contactar,0,3,no,media,35,Idea fine line en pecho con Mila Shade
RES-0514,2026-06-07,17:00,Bastian Navarro,@bastian.navarro,Instagram,Google,Francke,Rayo,tradicional,tradicional color,antebrazo,grande,320000,2026-06-24,mediodia,pendiente,0,5.5,si,alta,59,Idea a color tradicional en antebrazo con Rayo
RES-0515,2026-05-15,14:30,Diego Vera,@diego.vera,Instagram,Google,Rahue,Mila Shade,sombras suaves,minimalista color,brazo,mediano,90000,2026-05-21,mediodia,pendiente,0,2.25,si,alta,21,Idea a color minimalista en brazo con Mila Shade
RES-0516,2026-06-16,09:00,Vicente Castillo,@vicente.castillo,Instagram,cliente recurrente,Ovejeria,Kuro,blackwork,blackwork,cuello,mediano,140000,2026-06-19,tarde,confirmada,40000,2.25,si,media,66,Idea blackwork en cuello con Kuro
RES-0517,2026-05-15,17:30,Nicolas Soto,@nicolas.soto,Instagram,TikTok,Puerto Octay,Kuro,blackwork,blackwork,antebrazo,sesion larga,325000,2026-05-19,tarde,reagendada,0,7,si,baja,60,Idea blackwork en antebrazo con Kuro
RES-0518,2026-05-17,13:30,Maximiliano Gallardo,@maximiliano.gallardo,Instagram,Instagram,Purranque,Rayo,tradicional,blackwork,brazo,pequeno,40000,2026-05-20,fin de semana,pendiente,0,0.75,si,media,12,Idea blackwork en brazo con Rayo
RES-0519,2026-06-19,13:30,Lucas Cardenas,+56965908178,WhatsApp,recomendacion,Francke,Rayo,tradicional,blackwork color,tobillo,sesion larga,320000,2026-06-24,fin de semana,confirmada,70000,6,si,alta,93,Idea a color blackwork en tobillo con Rayo
RES-0520,2026-05-21,17:00,Tomas Cortes,@tomas.cortes,Instagram,TikTok,Puerto Octay,Rayo,tradicional,lettering,tobillo,pequeno,40000,2026-05-26,manana,contactar,0,0.75,si,media,12,Idea lettering en tobillo con Rayo
RES-0521,2026-05-27,14:00,Camila Mansilla,@camila.mansilla,Instagram,visita directa,Rio Negro,Lina Dot,minimalista,fine line,mano/dedos,pequeno,40000,2026-06-02,manana,pendiente,0,0.75,si,media,12,Idea fine line en mano/dedos con Lina Dot
RES-0522,2026-05-19,17:30,Josefa Saavedra,+56955495485,WhatsApp,Instagram,Purranque,Mila Shade,sombras suaves,minimalista,costillas,pequeno,65000,2026-05-22,tarde,confirmada,25000,1.25,no,media,36,Idea minimalista en costillas con Mila Shade
RES-0523,2026-05-22,14:30,Josefa Castillo,@josefa.castillo,Instagram,evento AIEP,Purranque,Atlas,piezas grandes,geometrico,costillas,pequeno,55000,2026-05-26,mediodia,cancelada,0,0.75,si,media,15,Idea geometrico en costillas con Atlas
RES-0524,2026-05-17,12:00,Sebastian Cardenas,+56958387311,WhatsApp,TikTok,Rahue,Nova Ink,fine line,minimalista,pecho,grande,180000,2026-05-22,tarde,confirmada,50000,4.5,si,baja,62,Idea minimalista en pecho con Nova Ink
RES-0525,2026-06-17,13:00,Lucas Bravo,+56977010373,WhatsApp,Google,Francke,Mila Shade,sombras suaves,minimalista,espalda,pequeno,40000,2026-06-20,manana,pendiente,0,0.75,si,media,12,Idea minimalista en espalda con Mila Shade
RES-0526,2026-05-20,17:30,Maximiliano Alvarez,+56932018679,WhatsApp,Instagram,Purranque,Atlas,piezas grandes,geometrico color,cuello,grande,295000,2026-05-27,tarde,confirmada,65000,3.5,si,media,83,Idea a color geometrico en cuello con Atlas
RES-0527,2026-05-29,10:00,Cristobal Vera,@cristobal.vera,Instagram,recomendacion,Purranque,Rayo,tradicional,lettering,mano/dedos,pequeno,40000,2026-06-02,tarde,confirmada,15000,0.75,si,media,46,Idea lettering en mano/dedos con Rayo
RES-0528,2026-05-13,16:00,Renata Carrasco,@renata.carrasco,Instagram,Instagram,Osorno,Rayo,tradicional,lettering,hombro,mediano,90000,2026-05-16,tarde,reagendada,0,2.25,no,media,16,Idea lettering en hombro con Rayo
RES-0529,2026-06-05,15:00,Ignacio Reyes,+56942121746,WhatsApp,TikTok,Osorno,Rayo,tradicional,tradicional,costillas,pequeno,55000,2026-06-09,tarde,confirmada,20000,1,no,baja,34,Idea tradicional en costillas con Rayo
RES-0530,2026-06-13,14:30,Sofia Miranda,@sofia.miranda,Instagram,TikTok,Rio Negro,Mila Shade,sombras suaves,fine line color,tobillo,grande,180000,2026-06-16,tarde,confirmada,50000,3.5,si,alta,62,Idea a color fine line en tobillo con Mila Shade
RES-0531,2026-05-17,14:00,Sofia Paredes,+56927317770,WhatsApp,Google,Purranque,Mila Shade,sombras suaves,geometrico,costillas,pequeno,70000,2026-05-20,fin de semana,contactar,0,1.25,si,media,18,Idea geometrico en costillas con Mila Shade
RES-0532,2026-06-03,14:30,Emilia Paredes,@emilia.paredes,Instagram,visita directa,Purranque,Nova Ink,fine line,fine line,pierna,pequeno,40000,2026-06-06,tarde,pendiente,0,0.75,si,baja,12,Idea fine line en pierna con Nova Ink
RES-0533,2026-05-30,13:30,Tomas Vera,@tomas.vera,Instagram,evento AIEP,Francke,Atlas,piezas grandes,tradicional,muneca,mediano,85000,2026-06-03,tarde,confirmada,30000,1.75,si,baja,44,Idea tradicional en muneca con Atlas
RES-0534,2026-06-05,11:00,Nicolas Gallardo,+56977871663,WhatsApp,visita directa,Puerto Octay,Rayo,tradicional,blackwork color,tobillo,mediano,155000,2026-06-13,fin de semana,confirmada,45000,3,no,baja,52,Idea a color blackwork en tobillo con Rayo
RES-0535,2026-06-16,11:00,Tomas Mansilla,+56950875400,WhatsApp,evento AIEP,Francke,Mila Shade,sombras suaves,minimalista,mano/dedos,mediano,90000,2026-06-19,tarde,confirmada,25000,2.25,si,baja,45,Idea minimalista en mano/dedos con Mila Shade
RES-0536,2026-06-06,16:30,Isidora Morales,+56966443601,WhatsApp,TikTok,San Pablo,Kuro,blackwork,geometrico color,costillas,mediano,170000,2026-06-12,mediodia,pendiente,0,3,no,baja,31,Idea a color geometrico en costillas con Kuro
RES-0537,2026-06-08,14:30,Bastian Alvarez,+56964225131,WhatsApp,TikTok,San Pablo,Atlas,piezas grandes,blackwork color,pierna,mediano,120000,2026-06-11,tarde,confirmada,35000,1.75,si,baja,51,Idea a color blackwork en pierna con Atlas
RES-0538,2026-06-09,09:30,Cristobal Cardenas,@cristobal.cardenas,Instagram,recomendacion,Ovejeria,Rayo,tradicional,tradicional color,costillas,pequeno,80000,2026-06-12,manana,pendiente,0,1.25,si,media,30,Idea a color tradicional en costillas con Rayo
RES-0539,2026-05-28,11:30,Diego Navarro,@diego.navarro,Instagram,Google,Francke,Lina Dot,minimalista,fine line,antebrazo,sesion larga,260000,2026-06-02,manana,contactar,0,5,si,alta,52,Idea fine line en antebrazo con Lina Dot
RES-0540,2026-06-17,11:30,Gabriel Rojas,+56911868965,WhatsApp,recomendacion,Rahue,Mila Shade,sombras suaves,fine line,tobillo,pequeno,40000,2026-06-20,fin de semana,cancelada,0,0.75,si,media,22,Idea fine line en tobillo con Mila Shade
RES-0541,2026-05-14,15:30,Isidora Saavedra,@isidora.saavedra,Instagram,Google,Rio Negro,Mila Shade,sombras suaves,minimalista,costillas,mediano,105000,2026-05-21,fin de semana,confirmada,30000,2.25,si,media,48,Idea minimalista en costillas con Mila Shade
RES-0542,2026-06-11,10:30,Nicolas Cortes,@nicolas.cortes,Instagram,visita directa,Osorno,Kuro,blackwork,blackwork color,espalda,sesion larga,450000,2026-06-16,mediodia,pendiente,0,7,si,media,83,Idea a color blackwork en espalda con Kuro
RES-0543,2026-06-03,11:00,Emilia Bravo,+56926641020,WhatsApp,visita directa,Ovejeria,Nova Ink,fine line,minimalista,pierna,pequeno,40000,2026-06-06,mediodia,pendiente,0,0.75,no,media,12,Idea minimalista en pierna con Nova Ink
RES-0544,2026-06-04,09:00,Constanza Navarro,@constanza.navarro,Instagram,visita directa,Francke,Nova Ink,fine line,fine line,muneca,grande,180000,2026-06-13,fin de semana,confirmada,50000,5.5,si,media,58,Idea fine line en muneca con Nova Ink
RES-0545,2026-05-22,13:00,Lucas Carrasco,@lucas.carrasco,Instagram,cliente recurrente,Puerto Octay,Nova Ink,fine line,fine line,costillas,mediano,135000,2026-05-30,fin de semana,confirmada,40000,3,si,media,66,Idea fine line en costillas con Nova Ink
RES-0546,2026-05-18,14:30,Emilia Godoy,+56913560660,WhatsApp,Instagram,Rio Negro,Lina Dot,minimalista,fine line color,pecho,mediano,95000,2026-05-21,fin de semana,pendiente,0,2.25,si,alta,22,Idea a color fine line en pecho con Lina Dot
RES-0547,2026-05-21,15:00,Constanza Alvarez,+56978456259,WhatsApp,Instagram,Rio Negro,Mila Shade,sombras suaves,fine line color,muneca,pequeno,40000,2026-05-27,fin de semana,confirmada,15000,0.75,si,media,36,Idea a color fine line en muneca con Mila Shade
RES-0548,2026-06-09,15:00,Valentina Espinoza,+56956931552,WhatsApp,Google,Ovejeria,Kuro,blackwork,tradicional color,muneca,sesion larga,315000,2026-06-12,fin de semana,confirmada,70000,6,si,alta,82,Idea a color tradicional en muneca con Kuro
RES-0549,2026-06-02,11:30,Benjamin Araya,@benjamin.araya,Instagram,Google,Rio Negro,Atlas,piezas grandes,tradicional,brazo,pequeno,60000,2026-06-05,manana,confirmada,20000,1,no,media,35,Idea tradicional en brazo con Atlas
RES-0550,2026-06-02,13:00,Agustin Munoz,+56976372059,WhatsApp,recomendacion,Osorno,Atlas,piezas grandes,geometrico,espalda,pequeno,65000,2026-06-06,mediodia,pendiente,0,1,si,media,27,Idea geometrico en espalda con Atlas
RES-0551,2026-05-29,10:00,Lucas Saavedra,+56975261053,WhatsApp,visita directa,Ovejeria,Atlas,piezas grandes,tradicional color,espalda,mediano,170000,2026-06-06,fin de semana,confirmada,50000,3,si,media,60,Idea a color tradicional en espalda con Atlas
RES-0552,2026-05-26,17:00,Martina Munoz,+56977523833,WhatsApp,Instagram,Puerto Octay,Nova Ink,fine line,fine line,cuello,mediano,85000,2026-05-29,mediodia,confirmada,30000,1.75,no,media,39,Idea fine line en cuello con Nova Ink
RES-0553,2026-05-16,12:00,Fernanda Vargas,+56975319963,WhatsApp,TikTok,Puerto Octay,Mila Shade,sombras suaves,fine line,pierna,mediano,135000,2026-05-21,mediodia,pendiente,0,3,no,media,25,Idea fine line en pierna con Mila Shade
RES-0554,2026-06-18,16:30,Vicente Araya,+56958701976,WhatsApp,Instagram,Puerto Octay,Rayo,tradicional,lettering,brazo,mediano,105000,2026-06-25,tarde,reagendada,0,3,si,media,24,Idea lettering en brazo con Rayo
RES-0555,2026-06-01,15:30,Camila Miranda,@camila.miranda,Instagram,Instagram,Puerto Octay,Lina Dot,minimalista,minimalista,pierna,mediano,105000,2026-06-04,mediodia,pendiente,0,3,si,media,24,Idea minimalista en pierna con Lina Dot
RES-0556,2026-06-14,11:30,Josefa Saavedra,@josefa.saavedra,Instagram,TikTok,Purranque,Kuro,blackwork,tradicional color,pecho,grande,320000,2026-06-17,fin de semana,pendiente,0,4.5,no,media,58,Idea a color tradicional en pecho con Kuro
RES-0557,2026-06-15,12:00,Josefa Bravo,@josefa.bravo,Instagram,visita directa,San Pablo,Lina Dot,minimalista,fine line,hombro,mediano,85000,2026-06-18,tarde,pendiente,0,1.75,si,alta,20,Idea fine line en hombro con Lina Dot
RES-0558,2026-06-15,13:30,Bastian Carrasco,+56934760853,WhatsApp,TikTok,Ovejeria,Lina Dot,minimalista,geometrico color,hombro,pequeno,55000,2026-06-18,manana,pendiente,0,1.25,si,media,15,Idea a color geometrico en hombro con Lina Dot
RES-0559,2026-05-16,14:00,Lucas Miranda,+56939256376,WhatsApp,TikTok,Puerto Octay,Atlas,piezas grandes,blackwork,costillas,pequeno,80000,2026-05-22,mediodia,pendiente,0,1.25,si,baja,20,Idea blackwork en costillas con Atlas
RES-0560,2026-06-18,11:30,Florencia Morales,@florencia.morales,Instagram,visita directa,San Pablo,Rayo,tradicional,blackwork,costillas,sesion larga,390000,2026-06-25,tarde,confirmada,85000,6,no,media,91,Idea blackwork en costillas con Rayo
RES-0561,2026-05-16,17:30,Agustin Godoy,+56981817246,WhatsApp,Instagram,Ovejeria,Kuro,blackwork,blackwork color,pecho,mediano,155000,2026-05-19,tarde,contactar,0,2.25,no,media,28,Idea a color blackwork en pecho con Kuro
RES-0562,2026-06-18,13:00,Vicente Navarro,@vicente.navarro,Instagram,evento AIEP,Rahue,Nova Ink,fine line,fine line,antebrazo,pequeno,40000,2026-06-23,tarde,pendiente,0,0.75,no,media,12,Idea fine line en antebrazo con Nova Ink
RES-0563,2026-06-16,11:00,Camila Alvarez,+56958257813,WhatsApp,Instagram,Osorno,Rayo,tradicional,tradicional color,muneca,mediano,150000,2026-06-26,manana,contactar,0,3,si,alta,32,Idea a color tradicional en muneca con Rayo
RES-0564,2026-06-10,16:30,Emilia Paredes,+56936944670,WhatsApp,TikTok,Francke,Kuro,blackwork,geometrico,cuello,mediano,135000,2026-06-13,fin de semana,confirmada,40000,2.25,no,media,49,Idea geometrico en cuello con Kuro
RES-0565,2026-06-10,09:30,Javiera Bravo,+56932473531,WhatsApp,recomendacion,San Pablo,Nova Ink,fine line,fine line,espalda,grande,230000,2026-06-19,fin de semana,pendiente,0,4.5,si,alta,57,Idea fine line en espalda con Nova Ink
RES-0566,2026-06-04,15:30,Francisca Espinoza,@francisca.espinoza,Instagram,cliente recurrente,Rahue,Mila Shade,sombras suaves,minimalista,antebrazo,grande,185000,2026-06-11,mediodia,confirmada,50000,5.5,si,baja,71,Idea minimalista en antebrazo con Mila Shade
RES-0567,2026-06-01,14:30,Catalina Cardenas,@catalina.cardenas,Instagram,cliente recurrente,Rahue,Rayo,tradicional,lettering,brazo,pequeno,40000,2026-06-04,tarde,reagendada,0,1,no,media,19,Idea lettering en brazo con Rayo
RES-0568,2026-06-16,17:00,Sebastian Castillo,+56922507157,WhatsApp,TikTok,Rio Negro,Mila Shade,sombras suaves,geometrico,brazo,grande,180000,2026-06-20,tarde,contactar,0,4.5,si,baja,38,Idea geometrico en brazo con Mila Shade
RES-0569,2026-05-17,11:30,Bastian Munoz,@bastian.munoz,Instagram,Google,San Pablo,Lina Dot,minimalista,fine line,tobillo,pequeno,40000,2026-05-20,tarde,pendiente,0,1,si,alta,12,Idea fine line en tobillo con Lina Dot
RES-0570,2026-05-31,09:30,Francisca Castillo,@francisca.castillo,Instagram,Instagram,Rahue,Mila Shade,sombras suaves,minimalista,antebrazo,mediano,110000,2026-06-03,tarde,pendiente,0,3,si,baja,25,Idea minimalista en antebrazo con Mila Shade
RES-0571,2026-05-17,15:30,Valentina Alvarez,+56962039315,WhatsApp,Instagram,San Pablo,Atlas,piezas grandes,blackwork color,pecho,pequeno,60000,2026-05-20,tarde,confirmada,20000,0.75,no,media,35,Idea a color blackwork en pecho con Atlas
RES-0572,2026-05-31,15:00,Valentina Munoz,@valentina.munoz,Instagram,Google,Rio Negro,Kuro,blackwork,blackwork,brazo,sesion larga,295000,2026-06-04,fin de semana,confirmada,65000,5,si,media,83,Idea blackwork en brazo con Kuro
RES-0573,2026-05-19,16:00,Renata Rojas,+56993534522,WhatsApp,Instagram,Osorno,Mila Shade,sombras suaves,geometrico color,tobillo,pequeno,40000,2026-05-22,tarde,confirmada,15000,0.75,si,media,36,Idea a color geometrico en tobillo con Mila Shade
RES-0574,2026-06-03,14:30,Bastian Araya,+56916018257,WhatsApp,Google,Rahue,Rayo,tradicional,lettering color,costillas,mediano,110000,2026-06-06,manana,confirmada,30000,1.75,si,baja,49,Idea a color lettering en costillas con Rayo
RES-0575,2026-05-29,14:30,Ignacio Reyes,+56928425625,WhatsApp,visita directa,Osorno,Atlas,piezas grandes,tradicional color,costillas,mediano,170000,2026-06-10,fin de semana,pendiente,0,2.25,si,media,36,Idea a color tradicional en costillas con Atlas
RES-0576,2026-05-18,14:30,Emilia Cardenas,+56927120730,WhatsApp,Instagram,Francke,Kuro,blackwork,geometrico,antebrazo,grande,265000,2026-06-16,manana,cancelada,0,5.5,no,baja,44,Idea geometrico en antebrazo con Kuro
RES-0577,2026-06-07,11:30,Ignacio Castillo,+56998230736,WhatsApp,Instagram,Rahue,Lina Dot,minimalista,fine line color,espalda,pequeno,40000,2026-06-10,fin de semana,reagendada,0,0.75,no,baja,12,Idea a color fine line en espalda con Lina Dot
RES-0578,2026-06-07,12:00,Antonia Rojas,+56920804707,WhatsApp,Google,Ovejeria,Nova Ink,fine line,fine line,brazo,grande,180000,2026-06-19,mediodia,confirmada,50000,3.5,si,media,62,Idea fine line en brazo con Nova Ink
RES-0579,2026-05-16,15:30,Maximiliano Oyarzo,+56956117862,WhatsApp,evento AIEP,Ovejeria,Mila Shade,sombras suaves,geometrico,costillas,pequeno,45000,2026-05-19,mediodia,contactar,0,0.75,si,baja,13,Idea geometrico en costillas con Mila Shade
RES-0580,2026-05-20,13:30,Martina Godoy,@martina.godoy,Instagram,evento AIEP,Rio Negro,Atlas,piezas grandes,tradicional,pecho,pequeno,80000,2026-05-23,tarde,contactar,0,1.25,si,baja,20,Idea tradicional en pecho con Atlas
RES-0581,2026-06-09,16:30,Javiera Munoz,+56940546723,WhatsApp,evento AIEP,Francke,Rayo,tradicional,lettering color,costillas,pequeno,60000,2026-06-12,tarde,confirmada,20000,1,si,alta,40,Idea a color lettering en costillas con Rayo
RES-0582,2026-06-04,10:00,Agustin Carrasco,@agustin.carrasco,Instagram,Google,Francke,Atlas,piezas grandes,blackwork,tobillo,mediano,140000,2026-06-10,tarde,pendiente,0,3,no,baja,25,Idea blackwork en tobillo con Atlas
RES-0583,2026-05-13,09:00,Matias Soto,+56990946253,WhatsApp,cliente recurrente,Rio Negro,Atlas,piezas grandes,blackwork,cuello,pequeno,75000,2026-05-16,tarde,pendiente,0,1,si,media,31,Idea blackwork en cuello con Atlas
RES-0584,2026-05-23,12:00,Ignacio Mansilla,@ignacio.mansilla,Instagram,TikTok,Osorno,Rayo,tradicional,tradicional color,pecho,mediano,125000,2026-05-26,tarde,pendiente,0,1.75,si,media,28,Idea a color tradicional en pecho con Rayo
RES-0585,2026-05-27,10:30,Fernanda Carrasco,+56917405281,WhatsApp,cliente recurrente,Puerto Octay,Atlas,piezas grandes,blackwork color,antebrazo,mediano,120000,2026-05-30,tarde,confirmada,35000,1.75,si,alta,63,Idea a color blackwork en antebrazo con Atlas
RES-0586,2026-05-13,10:00,Felipe Alvarez,@felipe.alvarez,Instagram,Instagram,Puerto Octay,Rayo,tradicional,blackwork color,antebrazo,mediano,100000,2026-05-16,fin de semana,pendiente,0,1.75,si,alta,23,Idea a color blackwork en antebrazo con Rayo
RES-0587,2026-05-21,16:00,Matias Godoy,+56915815000,WhatsApp,visita directa,Osorno,Mila Shade,sombras suaves,geometrico,pecho,pequeno,40000,2026-05-27,fin de semana,confirmada,15000,0.75,no,baja,31,Idea geometrico en pecho con Mila Shade
RES-0588,2026-06-08,14:00,Emilia Mansilla,+56979528186,WhatsApp,cliente recurrente,Rio Negro,Mila Shade,sombras suaves,fine line,pecho,grande,180000,2026-06-12,tarde,confirmada,50000,3.5,si,alta,74,Idea fine line en pecho con Mila Shade
RES-0589,2026-06-06,13:00,Fernanda Reyes,+56982836397,WhatsApp,recomendacion,Rahue,Mila Shade,sombras suaves,geometrico,pecho,pequeno,40000,2026-06-09,mediodia,cancelada,0,0.75,no,alta,17,Idea geometrico en pecho con Mila Shade
RES-0590,2026-06-10,17:00,Martina Munoz,@martina.munoz,Instagram,cliente recurrente,Rio Negro,Nova Ink,fine line,fine line,antebrazo,sesion larga,260000,2026-06-20,fin de semana,confirmada,55000,5,no,media,83,Idea fine line en antebrazo con Nova Ink
RES-0591,2026-05-15,17:00,Agustin Mansilla,+56977296844,WhatsApp,TikTok,Rio Negro,Kuro,blackwork,blackwork color,espalda,pequeno,55000,2026-05-19,manana,pendiente,0,0.75,no,baja,12,Idea a color blackwork en espalda con Kuro
RES-0592,2026-06-18,10:00,Antonia Espinoza,@antonia.espinoza,Instagram,TikTok,Purranque,Rayo,tradicional,blackwork,brazo,pequeno,40000,2026-06-23,manana,confirmada,15000,0.75,si,baja,36,Idea blackwork en brazo con Rayo
RES-0593,2026-06-07,13:00,Martina Araya,+56931156634,WhatsApp,Google,Ovejeria,Nova Ink,fine line,lettering,tobillo,grande,180000,2026-06-23,fin de semana,pendiente,0,5.5,no,media,29,Idea lettering en tobillo con Nova Ink
RES-0594,2026-05-25,11:30,Martina Morales,+56978415723,WhatsApp,TikTok,Osorno,Mila Shade,sombras suaves,geometrico,brazo,pequeno,40000,2026-05-28,manana,cancelada,0,0.75,si,alta,12,Idea geometrico en brazo con Mila Shade
RES-0595,2026-06-11,10:00,Sebastian Castillo,+56996536416,WhatsApp,TikTok,Rahue,Nova Ink,fine line,lettering color,muneca,pequeno,40000,2026-06-18,manana,contactar,0,1,si,alta,12,Idea a color lettering en muneca con Nova Ink
RES-0596,2026-05-23,15:00,Valentina Alvarez,@valentina.alvarez,Instagram,recomendacion,Ovejeria,Mila Shade,sombras suaves,fine line,brazo,mediano,85000,2026-05-28,fin de semana,pendiente,0,1.75,no,media,25,Idea fine line en brazo con Mila Shade
RES-0597,2026-05-15,10:00,Nicolas Carrasco,+56953843304,WhatsApp,visita directa,San Pablo,Lina Dot,minimalista,geometrico color,costillas,mediano,135000,2026-05-19,mediodia,contactar,0,2.25,si,alta,30,Idea a color geometrico en costillas con Lina Dot
RES-0598,2026-06-06,16:30,Agustin Vargas,+56997056670,WhatsApp,evento AIEP,Rahue,Rayo,tradicional,blackwork,brazo,sesion larga,380000,2026-07-09,tarde,reagendada,0,7,si,alta,70,Idea blackwork en brazo con Rayo
RES-0599,2026-06-14,09:30,Catalina Saavedra,+56980934805,WhatsApp,evento AIEP,Puerto Octay,Atlas,piezas grandes,tradicional color,tobillo,grande,190000,2026-06-17,tarde,confirmada,55000,3.5,si,baja,64,Idea a color tradicional en tobillo con Atlas
RES-0600,2026-06-04,09:00,Francisca Munoz,+56990127224,WhatsApp,Instagram,Osorno,Kuro,blackwork,geometrico,pecho,pequeno,60000,2026-06-10,fin de semana,contactar,0,1,si,media,16,Idea geometrico en pecho con Kuro
RES-0601,2026-06-06,10:00,Isidora Castillo,+56980799090,WhatsApp,TikTok,Puerto Octay,Kuro,blackwork,tradicional,antebrazo,mediano,90000,2026-06-10,mediodia,contactar,0,1.75,si,baja,21,Idea tradicional en antebrazo con Kuro
RES-0602,2026-06-13,14:30,Diego Mansilla,+56918492754,WhatsApp,Google,Ovejeria,Atlas,piezas grandes,geometrico,brazo,mediano,95000,2026-06-16,fin de semana,confirmada,25000,1.75,si,alta,46,Idea geometrico en brazo con Atlas
RES-0603,2026-05-13,16:00,Camila Leiva,+56983104025,WhatsApp,cliente recurrente,San Pablo,Atlas,piezas grandes,blackwork,mano/dedos,mediano,115000,2026-05-16,manana,confirmada,30000,1.75,si,media,62,Idea blackwork en mano/dedos con Atlas
RES-0604,2026-05-17,13:00,Tomas Paredes,+56913191984,WhatsApp,visita directa,Osorno,Kuro,blackwork,blackwork,cuello,mediano,110000,2026-05-20,mediodia,reagendada,0,1.75,no,media,20,Idea blackwork en cuello con Kuro
RES-0605,2026-05-21,14:00,Florencia Saavedra,+56938848867,WhatsApp,Google,Osorno,Mila Shade,sombras suaves,geometrico,espalda,mediano,100000,2026-05-28,tarde,contactar,0,1.75,si,media,23,Idea geometrico en espalda con Mila Shade
RES-0606,2026-05-27,09:00,Maximiliano Espinoza,@maximiliano.espinoza,Instagram,Instagram,Puerto Octay,Nova Ink,fine line,minimalista,cuello,sesion larga,315000,2026-07-04,fin de semana,pendiente,0,7,no,baja,53,Idea minimalista en cuello con Nova Ink
RES-0607,2026-06-13,13:00,Antonia Castillo,+56965871855,WhatsApp,Instagram,Rio Negro,Lina Dot,minimalista,fine line,muneca,mediano,85000,2026-06-17,mediodia,contactar,0,2.25,si,baja,20,Idea fine line en muneca con Lina Dot
RES-0608,2026-05-23,12:00,Maximiliano Reyes,+56939374681,WhatsApp,visita directa,Puerto Octay,Rayo,tradicional,blackwork,pecho,grande,200000,2026-05-27,tarde,confirmada,45000,3.5,si,baja,65,Idea blackwork en pecho con Rayo
RES-0609,2026-06-16,10:30,Fernanda Reyes,+56914934188,WhatsApp,Instagram,Rio Negro,Lina Dot,minimalista,geometrico color,mano/dedos,mediano,100000,2026-06-19,manana,confirmada,30000,2.25,si,alta,47,Idea a color geometrico en mano/dedos con Lina Dot
RES-0610,2026-05-15,11:30,Josefa Paredes,@josefa.paredes,Instagram,evento AIEP,Ovejeria,Mila Shade,sombras suaves,minimalista,tobillo,pequeno,40000,2026-05-20,tarde,pendiente,0,1.25,si,baja,12,Idea minimalista en tobillo con Mila Shade
RES-0611,2026-05-22,12:30,Trinidad Soto,@trinidad.soto,Instagram,TikTok,Francke,Atlas,piezas grandes,tradicional color,hombro,sesion larga,405000,2026-06-13,fin de semana,pendiente,0,6,si,media,75,Idea a color tradicional en hombro con Atlas
RES-0612,2026-05-22,14:00,Valentina Rojas,+56942542122,WhatsApp,evento AIEP,Puerto Octay,Lina Dot,minimalista,minimalista,mano/dedos,pequeno,40000,2026-05-28,tarde,pendiente,0,1,si,media,12,Idea minimalista en mano/dedos con Lina Dot
RES-0613,2026-06-06,10:30,Trinidad Reyes,+56913623798,WhatsApp,visita directa,Francke,Kuro,blackwork,geometrico,muneca,pequeno,45000,2026-06-10,fin de semana,confirmada,15000,1.25,no,media,32,Idea geometrico en muneca con Kuro
RES-0614,2026-06-19,17:30,Javiera Castillo,+56972530304,WhatsApp,evento AIEP,Puerto Octay,Kuro,blackwork,geometrico,antebrazo,mediano,125000,2026-06-24,manana,cancelada,0,3,si,media,28,Idea geometrico en antebrazo con Kuro
RES-0615,2026-06-15,14:00,Francisca Leiva,+56988545018,WhatsApp,evento AIEP,Purranque,Mila Shade,sombras suaves,geometrico color,pecho,pequeno,80000,2026-06-18,tarde,confirmada,30000,1.25,si,alta,44,Idea a color geometrico en pecho con Mila Shade
RES-0616,2026-06-17,15:30,Bastian Gallardo,@bastian.gallardo,Instagram,Instagram,Rahue,Kuro,blackwork,tradicional,cuello,sesion larga,290000,2026-06-24,manana,confirmada,65000,5,si,baja,82,Idea tradicional en cuello con Kuro
RES-0617,2026-06-17,12:30,Trinidad Gallardo,@trinidad.gallardo,Instagram,Instagram,Osorno,Lina Dot,minimalista,minimalista,costillas,grande,180000,2026-07-02,manana,cancelada,0,3.5,no,baja,33,Idea minimalista en costillas con Lina Dot
RES-0618,2026-05-27,14:30,Lucas Espinoza,@lucas.espinoza,Instagram,evento AIEP,Francke,Lina Dot,minimalista,fine line,espalda,pequeno,40000,2026-06-02,mediodia,confirmada,15000,0.75,no,alta,31,Idea fine line en espalda con Lina Dot
RES-0619,2026-06-07,12:00,Felipe Munoz,+56999007901,WhatsApp,cliente recurrente,Rio Negro,Lina Dot,minimalista,geometrico,costillas,pequeno,60000,2026-06-10,manana,cancelada,0,1.25,si,baja,28,Idea geometrico en costillas con Lina Dot
RES-0620,2026-05-16,15:00,Sofia Alvarez,+56949640884,WhatsApp,Instagram,Francke,Nova Ink,fine line,fine line,tobillo,grande,180000,2026-05-19,fin de semana,reagendada,0,4.5,no,baja,33,Idea fine line en tobillo con Nova Ink
RES-0621,2026-05-22,09:00,Vicente Paredes,+56942969815,WhatsApp,evento AIEP,Puerto Octay,Nova Ink,fine line,lettering color,cuello,grande,185000,2026-06-05,fin de semana,confirmada,50000,3.5,si,media,63,Idea a color lettering en cuello con Nova Ink
RES-0622,2026-05-20,10:30,Trinidad Munoz,+56945190844,WhatsApp,Instagram,Rahue,Rayo,tradicional,lettering color,hombro,mediano,120000,2026-05-23,fin de semana,confirmada,35000,2.25,no,media,46,Idea a color lettering en hombro con Rayo
RES-0623,2026-06-11,16:00,Camila Morales,@camila.morales,Instagram,Google,Ovejeria,Rayo,tradicional,blackwork color,pierna,mediano,120000,2026-06-26,manana,confirmada,35000,1.75,no,media,46,Idea a color blackwork en pierna con Rayo
RES-0624,2026-06-05,09:00,Francisca Bravo,+56928687308,WhatsApp,Google,Puerto Octay,Kuro,blackwork,geometrico,tobillo,grande,245000,2026-06-16,manana,confirmada,55000,5.5,si,baja,70,Idea geometrico en tobillo con Kuro
RES-0625,2026-06-10,16:30,Joaquin Paredes,+56999719749,WhatsApp,Google,Osorno,Mila Shade,sombras suaves,minimalista,pecho,mediano,85000,2026-06-13,tarde,pendiente,0,1.75,no,alta,15,Idea minimalista en pecho con Mila Shade
RES-0626,2026-05-23,15:00,Camila Alvarez,@camila.alvarez,Instagram,Instagram,Puerto Octay,Kuro,blackwork,tradicional color,mano/dedos,mediano,165000,2026-06-05,fin de semana,cancelada,0,2.25,si,media,35,Idea a color tradicional en mano/dedos con Kuro
RES-0627,2026-06-08,11:00,Javiera Cortes,@javiera.cortes,Instagram,cliente recurrente,San Pablo,Rayo,tradicional,blackwork color,muneca,mediano,85000,2026-06-26,manana,confirmada,30000,1.75,no,media,51,Idea a color blackwork en muneca con Rayo
RES-0628,2026-05-15,17:00,Felipe Araya,+56913033313,WhatsApp,Google,Purranque,Kuro,blackwork,geometrico,tobillo,grande,180000,2026-05-21,fin de semana,confirmada,50000,4.5,no,alta,57,Idea geometrico en tobillo con Kuro
RES-0629,2026-05-13,09:30,Javiera Carrasco,+56928800934,WhatsApp,TikTok,Ovejeria,Mila Shade,sombras suaves,fine line,costillas,pequeno,65000,2026-05-16,mediodia,cancelada,0,1.25,si,media,17,Idea fine line en costillas con Mila Shade
RES-0630,2026-06-05,16:00,Renata Miranda,+56958831952,WhatsApp,cliente recurrente,Rio Negro,Nova Ink,fine line,lettering color,pecho,sesion larga,290000,2026-06-23,fin de semana,pendiente,0,6,si,media,66,Idea a color lettering en pecho con Nova Ink
RES-0631,2026-05-28,09:00,Felipe Vargas,+56943167675,WhatsApp,Google,Rahue,Mila Shade,sombras suaves,minimalista color,pierna,mediano,90000,2026-06-02,tarde,confirmada,25000,2.25,si,media,45,Idea a color minimalista en pierna con Mila Shade
RES-0632,2026-05-28,13:00,Matias Bravo,+56927595972,WhatsApp,Instagram,Puerto Octay,Kuro,blackwork,blackwork,cuello,pequeno,80000,2026-06-03,fin de semana,pendiente,0,1.25,si,alta,20,Idea blackwork en cuello con Kuro
RES-0633,2026-05-27,12:00,Sebastian Cortes,+56968392935,WhatsApp,TikTok,Ovejeria,Rayo,tradicional,blackwork,pierna,mediano,85000,2026-05-30,manana,pendiente,0,1.75,si,media,20,Idea blackwork en pierna con Rayo
RES-0634,2026-06-02,16:30,Sofia Mansilla,@sofia.mansilla,Instagram,TikTok,Rahue,Nova Ink,fine line,minimalista,tobillo,pequeno,40000,2026-06-05,fin de semana,pendiente,0,0.75,si,baja,12,Idea minimalista en tobillo con Nova Ink
RES-0635,2026-05-30,13:30,Fernanda Espinoza,+56924993004,WhatsApp,visita directa,Rio Negro,Mila Shade,sombras suaves,minimalista,pecho,mediano,130000,2026-06-03,fin de semana,pendiente,0,3,si,alta,29,Idea minimalista en pecho con Mila Shade
RES-0636,2026-05-20,15:00,Sofia Bravo,+56955692783,WhatsApp,Google,Purranque,Lina Dot,minimalista,fine line,espalda,mediano,100000,2026-05-23,tarde,pendiente,0,2.25,si,media,23,Idea fine line en espalda con Lina Dot
RES-0637,2026-05-24,13:30,Antonia Espinoza,@antonia.espinoza,Instagram,Instagram,Rahue,Kuro,blackwork,tradicional color,antebrazo,mediano,140000,2026-06-05,tarde,contactar,0,2.25,si,media,30,Idea a color tradicional en antebrazo con Kuro
RES-0638,2026-05-19,17:30,Camila Gallardo,@camila.gallardo,Instagram,Instagram,Purranque,Nova Ink,fine line,fine line color,pierna,grande,240000,2026-06-23,mediodia,confirmada,55000,5.5,si,media,69,Idea a color fine line en pierna con Nova Ink
RES-0639,2026-06-07,15:00,Cristobal Godoy,+56940339882,WhatsApp,Instagram,San Pablo,Nova Ink,fine line,lettering,pierna,grande,180000,2026-06-24,manana,confirmada,50000,3.5,si,media,62,Idea lettering en pierna con Nova Ink
RES-0640,2026-06-02,15:00,Agustin Leiva,+56936258282,WhatsApp,cliente recurrente,San Pablo,Lina Dot,minimalista,minimalista color,hombro,grande,180000,2026-06-11,fin de semana,confirmada,50000,4.5,no,media,69,Idea a color minimalista en hombro con Lina Dot
RES-0641,2026-06-11,11:00,Benjamin Soto,+56926989113,WhatsApp,visita directa,Rahue,Kuro,blackwork,geometrico,hombro,grande,290000,2026-06-17,tarde,confirmada,65000,5.5,si,media,78,Idea geometrico en hombro con Kuro
RES-0642,2026-06-19,10:30,Josefa Espinoza,+56930954477,WhatsApp,Instagram,Francke,Kuro,blackwork,blackwork,antebrazo,pequeno,60000,2026-06-23,tarde,cancelada,0,1.25,si,baja,16,Idea blackwork en antebrazo con Kuro
RES-0643,2026-06-08,12:30,Camila Paredes,+56970934372,WhatsApp,visita directa,Purranque,Atlas,piezas grandes,tradicional color,cuello,mediano,170000,2026-06-11,tarde,cancelada,0,2.25,no,media,31,Idea a color tradicional en cuello con Atlas
RES-0644,2026-05-22,14:30,Benjamin Navarro,+56922381766,WhatsApp,TikTok,Purranque,Nova Ink,fine line,fine line,pecho,pequeno,40000,2026-05-26,fin de semana,confirmada,15000,0.75,si,media,36,Idea fine line en pecho con Nova Ink
RES-0645,2026-05-15,12:00,Catalina Paredes,@catalina.paredes,Instagram,visita directa,Ovejeria,Lina Dot,minimalista,fine line,mano/dedos,pequeno,40000,2026-05-19,tarde,pendiente,0,0.75,si,media,12,Idea fine line en mano/dedos con Lina Dot
RES-0646,2026-05-28,16:00,Antonia Castillo,+56913164848,WhatsApp,recomendacion,Rahue,Nova Ink,fine line,fine line color,pecho,grande,185000,2026-06-06,fin de semana,pendiente,0,3.5,si,alta,49,Idea a color fine line en pecho con Nova Ink
RES-0647,2026-05-29,11:00,Fernanda Gallardo,+56917513073,WhatsApp,recomendacion,Francke,Mila Shade,sombras suaves,minimalista,costillas,sesion larga,260000,2026-06-03,tarde,cancelada,0,5,si,media,62,Idea minimalista en costillas con Mila Shade
RES-0648,2026-05-25,11:30,Isidora Espinoza,+56995862934,WhatsApp,recomendacion,Ovejeria,Rayo,tradicional,lettering,cuello,grande,205000,2026-05-29,tarde,pendiente,0,4.5,si,baja,52,Idea lettering en cuello con Rayo
RES-0649,2026-05-25,13:00,Trinidad Morales,+56967823167,WhatsApp,cliente recurrente,Rio Negro,Nova Ink,fine line,lettering,costillas,grande,180000,2026-06-06,tarde,contactar,0,3.5,si,alta,50,Idea lettering en costillas con Nova Ink
RES-0650,2026-06-18,16:30,Valentina Oyarzo,+56990394996,WhatsApp,Google,Francke,Atlas,piezas grandes,geometrico,pierna,pequeno,75000,2026-06-23,mediodia,confirmada,25000,1.25,si,baja,43,Idea geometrico en pierna con Atlas
RES-0651,2026-05-25,17:30,Camila Espinoza,@camila.espinoza,Instagram,recomendacion,Puerto Octay,Lina Dot,minimalista,minimalista,cuello,grande,215000,2026-05-29,fin de semana,confirmada,45000,5.5,si,media,74,Idea minimalista en cuello con Lina Dot
RES-0652,2026-05-18,11:00,Camila Paredes,@camila.paredes,Instagram,TikTok,Rio Negro,Nova Ink,fine line,minimalista,hombro,pequeno,45000,2026-05-22,fin de semana,confirmada,15000,1.25,si,media,37,Idea minimalista en hombro con Nova Ink
RES-0653,2026-05-26,16:30,Javiera Vargas,@javiera.vargas,Instagram,evento AIEP,Rio Negro,Kuro,blackwork,tradicional color,pecho,pequeno,80000,2026-05-30,tarde,pendiente,0,1.25,si,alta,20,Idea a color tradicional en pecho con Kuro
RES-0654,2026-06-19,11:30,Camila Paredes,+56999506591,WhatsApp,evento AIEP,Puerto Octay,Mila Shade,sombras suaves,minimalista,costillas,grande,195000,2026-06-23,mediodia,cancelada,0,4.5,si,baja,40,Idea minimalista en costillas con Mila Shade
RES-0655,2026-06-16,14:30,Agustin Reyes,@agustin.reyes,Instagram,Instagram,Purranque,Nova Ink,fine line,minimalista,mano/dedos,mediano,120000,2026-06-25,manana,cancelada,0,3,si,media,27,Idea minimalista en mano/dedos con Nova Ink
RES-0656,2026-05-22,12:30,Valentina Castillo,+56925591698,WhatsApp,Instagram,Ovejeria,Kuro,blackwork,blackwork,muneca,mediano,130000,2026-06-05,fin de semana,pendiente,0,3,si,baja,29,Idea blackwork en muneca con Kuro
RES-0657,2026-05-28,13:30,Emilia Bravo,+56949107703,WhatsApp,recomendacion,Ovejeria,Kuro,blackwork,blackwork color,antebrazo,grande,330000,2026-06-25,tarde,contactar,0,5.5,si,alta,71,Idea a color blackwork en antebrazo con Kuro
RES-0658,2026-05-28,12:30,Renata Vargas,@renata.vargas,Instagram,TikTok,Rahue,Kuro,blackwork,tradicional,costillas,pequeno,50000,2026-06-02,tarde,confirmada,20000,0.75,si,baja,38,Idea tradicional en costillas con Kuro
RES-0659,2026-05-25,14:30,Catalina Cortes,+56997561194,WhatsApp,evento AIEP,Rahue,Mila Shade,sombras suaves,fine line,brazo,grande,190000,2026-05-28,fin de semana,pendiente,0,4.5,si,media,40,Idea fine line en brazo con Mila Shade
RES-0660,2026-06-09,16:00,Catalina Gallardo,+56942132224,WhatsApp,cliente recurrente,Puerto Octay,Nova Ink,fine line,fine line color,cuello,mediano,90000,2026-06-12,mediodia,confirmada,25000,1.75,no,media,52,Idea a color fine line en cuello con Nova Ink
RES-0661,2026-06-17,15:00,Martina Leiva,+56984404907,WhatsApp,Google,Ovejeria,Mila Shade,sombras suaves,geometrico,cuello,pequeno,40000,2026-06-20,manana,confirmada,15000,0.75,no,media,31,Idea geometrico en cuello con Mila Shade
RES-0662,2026-05-18,17:00,Cristobal Vargas,+56925926309,WhatsApp,cliente recurrente,San Pablo,Rayo,tradicional,tradicional color,pecho,pequeno,55000,2026-05-21,mediodia,cancelada,0,0.75,si,alta,27,Idea a color tradicional en pecho con Rayo
RES-0663,2026-05-22,14:00,Martina Espinoza,+56960762592,WhatsApp,Google,Ovejeria,Nova Ink,fine line,lettering,espalda,grande,220000,2026-06-06,fin de semana,confirmada,50000,4.5,si,baja,69,Idea lettering en espalda con Nova Ink
RES-0664,2026-05-17,09:30,Gabriel Rojas,+56922366504,WhatsApp,recomendacion,Ovejeria,Nova Ink,fine line,minimalista,costillas,grande,220000,2026-06-25,mediodia,pendiente,0,5.5,si,media,51,Idea minimalista en costillas con Nova Ink
RES-0665,2026-06-11,15:00,Agustin Espinoza,@agustin.espinoza,Instagram,cliente recurrente,Ovejeria,Nova Ink,fine line,minimalista,pierna,pequeno,40000,2026-06-17,fin de semana,contactar,0,0.75,si,media,24,Idea minimalista en pierna con Nova Ink
RES-0666,2026-05-25,17:30,Matias Munoz,@matias.munoz,Instagram,TikTok,San Pablo,Kuro,blackwork,geometrico,costillas,pequeno,45000,2026-05-28,fin de semana,pendiente,0,0.75,si,alta,13,Idea geometrico en costillas con Kuro
RES-0667,2026-05-24,14:30,Francisca Saavedra,+56924575867,WhatsApp,Instagram,Puerto Octay,Atlas,piezas grandes,blackwork,tobillo,sesion larga,260000,2026-06-11,mediodia,cancelada,0,5,si,media,52,Idea blackwork en tobillo con Atlas
RES-0668,2026-05-17,17:30,Benjamin Godoy,@benjamin.godoy,Instagram,Instagram,Francke,Atlas,piezas grandes,blackwork,antebrazo,grande,305000,2026-06-13,fin de semana,confirmada,65000,5.5,si,media,80,Idea blackwork en antebrazo con Atlas
RES-0669,2026-05-21,15:30,Sebastian Gallardo,+56922289363,WhatsApp,visita directa,Purranque,Kuro,blackwork,tradicional,pierna,pequeno,60000,2026-05-26,fin de semana,confirmada,20000,1,si,media,40,Idea tradicional en pierna con Kuro
RES-0670,2026-05-22,11:30,Nicolas Soto,+56921964165,WhatsApp,Instagram,Rahue,Nova Ink,fine line,minimalista,espalda,pequeno,40000,2026-05-27,tarde,confirmada,15000,0.75,no,baja,31,Idea minimalista en espalda con Nova Ink
RES-0671,2026-06-11,16:30,Constanza Morales,+56937239896,WhatsApp,cliente recurrente,Purranque,Mila Shade,sombras suaves,geometrico color,costillas,mediano,140000,2026-06-16,fin de semana,reagendada,0,2.25,si,baja,42,Idea a color geometrico en costillas con Mila Shade
RES-0672,2026-05-27,12:00,Emilia Cortes,+56911430102,WhatsApp,Instagram,Purranque,Lina Dot,minimalista,fine line,antebrazo,pequeno,40000,2026-06-02,mediodia,confirmada,15000,1.25,si,baja,36,Idea fine line en antebrazo con Lina Dot
RES-0673,2026-06-04,10:30,Catalina Espinoza,+56960381582,WhatsApp,Google,Purranque,Nova Ink,fine line,minimalista,pecho,mediano,100000,2026-06-10,tarde,pendiente,0,2.25,si,media,23,Idea minimalista en pecho con Nova Ink
RES-0674,2026-06-13,12:00,Lucas Soto,@lucas.soto,Instagram,Instagram,Francke,Lina Dot,minimalista,minimalista,tobillo,grande,180000,2026-07-02,tarde,contactar,0,4.5,si,baja,38,Idea minimalista en tobillo con Lina Dot
RES-0675,2026-05-16,09:00,Fernanda Bravo,+56979277469,WhatsApp,TikTok,Puerto Octay,Nova Ink,fine line,lettering,brazo,pequeno,45000,2026-05-19,tarde,pendiente,0,1.25,si,media,13,Idea lettering en brazo con Nova Ink
RES-0676,2026-05-17,11:30,Francisca Munoz,+56966473416,WhatsApp,TikTok,Francke,Mila Shade,sombras suaves,fine line,mano/dedos,mediano,100000,2026-05-21,tarde,pendiente,0,2.25,si,alta,23,Idea fine line en mano/dedos con Mila Shade
RES-0677,2026-06-18,15:30,Renata Miranda,@renata.miranda,Instagram,visita directa,San Pablo,Kuro,blackwork,blackwork,costillas,pequeno,80000,2026-06-23,fin de semana,confirmada,30000,1.25,si,baja,44,Idea blackwork en costillas con Kuro
RES-0678,2026-05-21,16:30,Florencia Soto,+56990431838,WhatsApp,visita directa,Puerto Octay,Rayo,tradicional,tradicional,pecho,mediano,95000,2026-05-26,fin de semana,pendiente,0,1.75,no,media,17,Idea tradicional en pecho con Rayo
RES-0679,2026-05-15,16:30,Benjamin Araya,+56981157361,WhatsApp,visita directa,San Pablo,Rayo,tradicional,lettering,hombro,grande,190000,2026-05-20,fin de semana,confirmada,55000,4.5,no,alta,59,Idea lettering en hombro con Rayo
RES-0680,2026-05-15,16:30,Lucas Espinoza,+56933203063,WhatsApp,Google,Francke,Mila Shade,sombras suaves,fine line color,cuello,pequeno,65000,2026-05-20,tarde,contactar,0,1.25,si,media,17,Idea a color fine line en cuello con Mila Shade
RES-0681,2026-05-31,14:30,Cristobal Navarro,+56989281085,WhatsApp,Instagram,San Pablo,Mila Shade,sombras suaves,minimalista,espalda,mediano,85000,2026-06-03,fin de semana,cancelada,0,1.75,si,alta,20,Idea minimalista en espalda con Mila Shade
RES-0682,2026-06-02,12:30,Javiera Alvarez,+56986792213,WhatsApp,TikTok,San Pablo,Lina Dot,minimalista,fine line,hombro,mediano,85000,2026-06-05,fin de semana,pendiente,0,1.75,si,media,20,Idea fine line en hombro con Lina Dot
RES-0683,2026-06-02,17:30,Javiera Mansilla,+56960047303,WhatsApp,recomendacion,Rahue,Kuro,blackwork,tradicional color,costillas,pequeno,80000,2026-06-05,manana,confirmada,30000,1,si,media,54,Idea a color tradicional en costillas con Kuro
RES-0684,2026-05-15,16:00,Cristobal Navarro,+56928846065,WhatsApp,Instagram,San Pablo,Nova Ink,fine line,lettering,pecho,pequeno,60000,2026-05-19,manana,cancelada,0,1.25,si,baja,16,Idea lettering en pecho con Nova Ink
RES-0685,2026-05-25,17:30,Tomas Vargas,+56926469296,WhatsApp,Instagram,Ovejeria,Mila Shade,sombras suaves,geometrico,antebrazo,pequeno,40000,2026-05-28,mediodia,pendiente,0,0.75,no,media,12,Idea geometrico en antebrazo con Mila Shade
RES-0686,2026-06-12,09:30,Florencia Cardenas,+56952095415,WhatsApp,visita directa,Ovejeria,Nova Ink,fine line,minimalista color,muneca,mediano,85000,2026-06-18,tarde,contactar,0,1.75,no,media,15,Idea a color minimalista en muneca con Nova Ink
RES-0687,2026-06-12,15:00,Camila Espinoza,+56983322202,WhatsApp,cliente recurrente,Osorno,Nova Ink,fine line,lettering,tobillo,mediano,85000,2026-06-19,manana,reagendada,0,2.25,si,media,32,Idea lettering en tobillo con Nova Ink
RES-0688,2026-05-13,12:00,Sofia Bravo,+56968222583,WhatsApp,visita directa,Puerto Octay,Atlas,piezas grandes,tradicional color,mano/dedos,pequeno,55000,2026-05-16,manana,pendiente,0,0.75,si,alta,15,Idea a color tradicional en mano/dedos con Atlas
RES-0689,2026-06-14,13:30,Constanza Munoz,+56970917977,WhatsApp,Google,Ovejeria,Lina Dot,minimalista,geometrico color,muneca,pequeno,40000,2026-06-17,tarde,pendiente,0,0.75,si,baja,12,Idea a color geometrico en muneca con Lina Dot
RES-0690,2026-06-13,15:00,Emilia Carrasco,@emilia.carrasco,Instagram,Instagram,Ovejeria,Lina Dot,minimalista,fine line,hombro,sesion larga,260000,2026-06-18,manana,pendiente,0,7,si,baja,48,Idea fine line en hombro con Lina Dot
RES-0691,2026-05-15,15:30,Lucas Araya,+56971787086,WhatsApp,cliente recurrente,Ovejeria,Atlas,piezas grandes,blackwork,muneca,pequeno,40000,2026-05-19,tarde,confirmada,15000,0.75,si,baja,48,Idea blackwork en muneca con Atlas
RES-0692,2026-06-10,12:00,Joaquin Gallardo,+56977977890,WhatsApp,evento AIEP,Francke,Lina Dot,minimalista,geometrico,antebrazo,pequeno,40000,2026-06-13,manana,cancelada,0,1.25,no,alta,12,Idea geometrico en antebrazo con Lina Dot
RES-0693,2026-06-16,12:00,Sofia Vargas,+56965784269,WhatsApp,visita directa,Puerto Octay,Nova Ink,fine line,lettering,muneca,mediano,85000,2026-06-25,tarde,confirmada,30000,3,si,media,44,Idea lettering en muneca con Nova Ink
RES-0694,2026-06-05,15:30,Vicente Gallardo,+56925255777,WhatsApp,Instagram,Purranque,Lina Dot,minimalista,fine line color,tobillo,mediano,85000,2026-06-10,fin de semana,contactar,0,1.75,no,media,15,Idea a color fine line en tobillo con Lina Dot
RES-0695,2026-06-10,15:00,Emilia Munoz,+56938562644,WhatsApp,Instagram,Francke,Nova Ink,fine line,minimalista,hombro,pequeno,40000,2026-06-18,fin de semana,confirmada,15000,1,no,media,31,Idea minimalista en hombro con Nova Ink
RES-0696,2026-06-01,11:30,Constanza Reyes,+56945973299,WhatsApp,TikTok,Francke,Kuro,blackwork,geometrico color,cuello,mediano,170000,2026-06-25,manana,confirmada,50000,3,no,baja,55,Idea a color geometrico en cuello con Kuro
RES-0697,2026-05-25,17:30,Isidora Cardenas,+56910281962,WhatsApp,Instagram,Osorno,Atlas,piezas grandes,geometrico,cuello,pequeno,45000,2026-05-28,tarde,confirmada,15000,0.75,no,media,32,Idea geometrico en cuello con Atlas
RES-0698,2026-06-10,11:00,Emilia Espinoza,@emilia.espinoza,Instagram,visita directa,Purranque,Kuro,blackwork,geometrico,pecho,grande,290000,2026-06-26,tarde,confirmada,65000,4.5,si,media,82,Idea geometrico en pecho con Kuro
RES-0699,2026-05-20,13:00,Cristobal Miranda,@cristobal.miranda,Instagram,evento AIEP,Puerto Octay,Mila Shade,sombras suaves,minimalista,brazo,pequeno,50000,2026-05-23,tarde,confirmada,20000,1.25,si,media,38,Idea minimalista en brazo con Mila Shade
RES-0700,2026-06-17,17:30,Florencia Munoz,+56996066880,WhatsApp,cliente recurrente,Ovejeria,Kuro,blackwork,geometrico color,brazo,grande,210000,2026-06-25,tarde,confirmada,45000,3.5,no,alta,74,Idea a color geometrico en brazo con Kuro
RES-0701,2026-05-16,11:00,Bastian Oyarzo,+56965032431,WhatsApp,Instagram,Puerto Octay,Mila Shade,sombras suaves,geometrico color,espalda,grande,255000,2026-05-23,tarde,pendiente,0,4.5,si,media,51,Idea a color geometrico en espalda con Mila Shade
RES-0702,2026-06-15,09:30,Camila Vargas,+56933921579,WhatsApp,evento AIEP,Rahue,Kuro,blackwork,blackwork,pierna,mediano,100000,2026-06-19,fin de semana,pendiente,0,1.75,no,media,18,Idea blackwork en pierna con Kuro
RES-0703,2026-06-08,15:00,Vicente Saavedra,@vicente.saavedra,Instagram,Google,Ovejeria,Nova Ink,fine line,lettering,costillas,mediano,125000,2026-06-25,fin de semana,pendiente,0,3,si,media,28,Idea lettering en costillas con Nova Ink
RES-0704,2026-05-24,13:00,Constanza Espinoza,@constanza.espinoza,Instagram,visita directa,Puerto Octay,Kuro,blackwork,geometrico,hombro,grande,245000,2026-06-27,mediodia,confirmada,55000,4.5,no,media,69,Idea geometrico en hombro con Kuro
RES-0705,2026-06-19,14:00,Felipe Cortes,+56982019790,WhatsApp,visita directa,Ovejeria,Rayo,tradicional,blackwork,cuello,grande,215000,2026-06-27,fin de semana,pendiente,0,3.5,si,alta,44,Idea blackwork en cuello con Rayo
RES-0706,2026-06-07,13:30,Florencia Gallardo,+56960881008,WhatsApp,recomendacion,Ovejeria,Nova Ink,fine line,minimalista,pecho,sesion larga,295000,2026-07-18,tarde,contactar,0,7,no,media,60,Idea minimalista en pecho con Nova Ink
RES-0707,2026-05-27,15:30,Diego Morales,@diego.morales,Instagram,Instagram,Puerto Octay,Lina Dot,minimalista,minimalista,pierna,mediano,100000,2026-06-02,tarde,pendiente,0,3,si,baja,23,Idea minimalista en pierna con Lina Dot
RES-0708,2026-06-02,16:00,Agustin Leiva,@agustin.leiva,Instagram,Google,Osorno,Kuro,blackwork,blackwork,brazo,mediano,90000,2026-06-05,tarde,confirmada,25000,1.75,no,media,40,Idea blackwork en brazo con Kuro
RES-0709,2026-05-27,17:30,Matias Godoy,@matias.godoy,Instagram,cliente recurrente,Purranque,Nova Ink,fine line,minimalista,pierna,pequeno,40000,2026-05-30,fin de semana,pendiente,0,1,si,media,24,Idea minimalista en pierna con Nova Ink
RES-0710,2026-06-08,09:30,Trinidad Leiva,@trinidad.leiva,Instagram,cliente recurrente,Ovejeria,Lina Dot,minimalista,fine line,muneca,mediano,85000,2026-06-12,manana,pendiente,0,2.25,no,media,27,Idea fine line en muneca con Lina Dot
RES-0711,2026-05-18,12:00,Francisca Castillo,+56933239267,WhatsApp,cliente recurrente,Osorno,Rayo,tradicional,blackwork,hombro,pequeno,55000,2026-05-21,tarde,cancelada,0,1,si,media,27,Idea blackwork en hombro con Rayo
RES-0712,2026-06-08,17:30,Lucas Espinoza,+56983235880,WhatsApp,Google,Purranque,Mila Shade,sombras suaves,minimalista color,brazo,grande,200000,2026-06-13,tarde,confirmada,45000,4.5,si,alta,65,Idea a color minimalista en brazo con Mila Shade
RES-0713,2026-06-11,15:30,Lucas Paredes,+56935455463,WhatsApp,cliente recurrente,San Pablo,Atlas,piezas grandes,geometrico,hombro,grande,250000,2026-06-18,tarde,confirmada,55000,4.5,si,media,86,Idea geometrico en hombro con Atlas
RES-0714,2026-05-16,14:00,Constanza Oyarzo,@constanza.oyarzo,Instagram,Instagram,Osorno,Lina Dot,minimalista,geometrico,mano/dedos,grande,180000,2026-05-22,manana,pendiente,0,3.5,no,media,33,Idea geometrico en mano/dedos con Lina Dot
RES-0715,2026-06-05,17:00,Trinidad Oyarzo,+56995967610,WhatsApp,TikTok,Ovejeria,Mila Shade,sombras suaves,geometrico,pierna,pequeno,55000,2026-06-09,manana,confirmada,20000,1.25,si,media,39,Idea geometrico en pierna con Mila Shade
RES-0716,2026-06-08,15:00,Sebastian Leiva,+56988629973,WhatsApp,Google,Puerto Octay,Kuro,blackwork,tradicional,tobillo,pequeno,50000,2026-06-11,fin de semana,confirmada,20000,1.25,no,media,33,Idea tradicional en tobillo con Kuro
RES-0717,2026-06-01,11:30,Vicente Morales,+56984624285,WhatsApp,visita directa,Rio Negro,Kuro,blackwork,tradicional color,brazo,pequeno,80000,2026-06-04,tarde,confirmada,30000,1.25,si,media,44,Idea a color tradicional en brazo con Kuro
RES-0718,2026-05-29,12:00,Nicolas Espinoza,@nicolas.espinoza,Instagram,Instagram,Francke,Rayo,tradicional,blackwork color,muneca,pequeno,55000,2026-06-02,fin de semana,contactar,0,1.25,no,media,12,Idea a color blackwork en muneca con Rayo
RES-0719,2026-05-29,09:30,Sebastian Miranda,+56982955022,WhatsApp,evento AIEP,Rahue,Mila Shade,sombras suaves,minimalista,espalda,pequeno,40000,2026-06-02,tarde,contactar,0,0.75,no,alta,12,Idea minimalista en espalda con Mila Shade
RES-0720,2026-05-29,13:00,Benjamin Godoy,@benjamin.godoy,Instagram,visita directa,Rahue,Rayo,tradicional,blackwork,muneca,mediano,90000,2026-06-03,mediodia,contactar,0,2.25,si,media,21,Idea blackwork en muneca con Rayo
RES-0721,2026-05-26,17:30,Joaquin Vera,+56986963509,WhatsApp,evento AIEP,San Pablo,Kuro,blackwork,geometrico color,costillas,sesion larga,450000,2026-06-19,mediodia,pendiente,0,7,si,baja,83,Idea a color geometrico en costillas con Kuro
RES-0722,2026-06-09,12:30,Francisca Vargas,+56938247885,WhatsApp,Instagram,Osorno,Atlas,piezas grandes,tradicional color,cuello,pequeno,75000,2026-06-12,fin de semana,confirmada,25000,1,si,alta,43,Idea a color tradicional en cuello con Atlas
RES-0723,2026-05-22,11:30,Gabriel Navarro,@gabriel.navarro,Instagram,TikTok,Rio Negro,Rayo,tradicional,tradicional color,cuello,mediano,140000,2026-05-26,mediodia,contactar,0,2.25,si,media,30,Idea a color tradicional en cuello con Rayo
RES-0724,2026-06-16,13:00,Trinidad Gallardo,@trinidad.gallardo,Instagram,evento AIEP,Puerto Octay,Rayo,tradicional,tradicional color,brazo,pequeno,75000,2026-06-26,mediodia,confirmada,25000,1.25,no,media,38,Idea a color tradicional en brazo con Rayo
RES-0725,2026-05-26,11:00,Agustin Carrasco,@agustin.carrasco,Instagram,Instagram,Osorno,Atlas,piezas grandes,geometrico,mano/dedos,sesion larga,275000,2026-06-11,mediodia,reagendada,0,5,si,media,55,Idea geometrico en mano/dedos con Atlas
RES-0726,2026-06-02,12:30,Vicente Mansilla,+56913844858,WhatsApp,TikTok,Puerto Octay,Kuro,blackwork,tradicional color,hombro,mediano,115000,2026-06-06,fin de semana,pendiente,0,1.75,si,media,26,Idea a color tradicional en hombro con Kuro
RES-0727,2026-05-23,17:00,Javiera Espinoza,+56995370096,WhatsApp,evento AIEP,Francke,Atlas,piezas grandes,blackwork,pierna,pequeno,45000,2026-05-26,fin de semana,pendiente,0,0.75,si,baja,13,Idea blackwork en pierna con Atlas
RES-0728,2026-06-10,11:00,Catalina Rojas,@catalina.rojas,Instagram,recomendacion,Rio Negro,Mila Shade,sombras suaves,fine line color,pierna,grande,245000,2026-06-17,tarde,confirmada,55000,5.5,no,media,75,Idea a color fine line en pierna con Mila Shade
RES-0729,2026-05-24,13:00,Diego Cardenas,+56972986372,WhatsApp,TikTok,Rio Negro,Rayo,tradicional,lettering color,antebrazo,grande,180000,2026-05-29,manana,pendiente,0,3.5,si,media,38,Idea a color lettering en antebrazo con Rayo
RES-0730,2026-05-25,09:00,Martina Castillo,@martina.castillo,Instagram,Google,Purranque,Atlas,piezas grandes,blackwork color,espalda,pequeno,80000,2026-05-28,tarde,confirmada,30000,1,si,alta,44,Idea a color blackwork en espalda con Atlas
RES-0731,2026-05-13,10:00,Francisca Paredes,@francisca.paredes,Instagram,TikTok,San Pablo,Rayo,tradicional,blackwork,muneca,pequeno,40000,2026-05-16,mediodia,contactar,0,0.75,no,baja,12,Idea blackwork en muneca con Rayo
RES-0732,2026-05-18,09:30,Isidora Navarro,@isidora.navarro,Instagram,TikTok,Puerto Octay,Nova Ink,fine line,lettering,muneca,pequeno,40000,2026-05-28,mediodia,confirmada,15000,1.25,si,media,36,Idea lettering en muneca con Nova Ink
RES-0733,2026-06-04,15:00,Benjamin Paredes,@benjamin.paredes,Instagram,cliente recurrente,Rahue,Lina Dot,minimalista,minimalista color,pecho,grande,240000,2026-06-12,manana,pendiente,0,5.5,si,media,57,Idea a color minimalista en pecho con Lina Dot
RES-0734,2026-05-22,14:30,Gabriel Vargas,+56958305155,WhatsApp,Instagram,Rio Negro,Nova Ink,fine line,minimalista,brazo,mediano,85000,2026-05-30,manana,contactar,0,2.25,si,baja,20,Idea minimalista en brazo con Nova Ink
RES-0735,2026-06-16,12:00,Antonia Cardenas,+56976072374,WhatsApp,Instagram,Francke,Nova Ink,fine line,minimalista color,costillas,grande,220000,2026-06-26,tarde,confirmada,50000,4.5,si,media,69,Idea a color minimalista en costillas con Nova Ink
RES-0736,2026-05-27,10:00,Vicente Castillo,+56953724452,WhatsApp,TikTok,Puerto Octay,Rayo,tradicional,tradicional color,antebrazo,pequeno,50000,2026-05-30,fin de semana,pendiente,0,1,si,media,14,Idea a color tradicional en antebrazo con Rayo
RES-0737,2026-06-08,10:00,Nicolas Gallardo,+56955087882,WhatsApp,TikTok,Osorno,Nova Ink,fine line,minimalista color,pecho,grande,185000,2026-06-27,mediodia,confirmada,50000,3.5,si,media,63,Idea a color minimalista en pecho con Nova Ink
RES-0738,2026-05-23,09:00,Antonia Carrasco,@antonia.carrasco,Instagram,TikTok,Purranque,Atlas,piezas grandes,blackwork,tobillo,mediano,85000,2026-05-26,tarde,cancelada,0,1.75,si,media,20,Idea blackwork en tobillo con Atlas
RES-0739,2026-05-13,13:00,Nicolas Miranda,+56987777446,WhatsApp,visita directa,Purranque,Atlas,piezas grandes,blackwork,tobillo,grande,245000,2026-05-16,manana,confirmada,55000,4.5,si,baja,74,Idea blackwork en tobillo con Atlas
RES-0740,2026-06-14,15:00,Diego Cortes,+56932085209,WhatsApp,TikTok,Osorno,Lina Dot,minimalista,fine line color,antebrazo,mediano,115000,2026-06-17,mediodia,confirmada,30000,3,no,media,45,Idea a color fine line en antebrazo con Lina Dot
RES-0741,2026-05-26,10:00,Sebastian Saavedra,+56959562245,WhatsApp,Instagram,Rahue,Kuro,blackwork,geometrico,espalda,sesion larga,275000,2026-06-30,tarde,confirmada,60000,5,si,media,79,Idea geometrico en espalda con Kuro
RES-0742,2026-05-18,12:00,Martina Leiva,+56927414220,WhatsApp,Google,Francke,Lina Dot,minimalista,geometrico,brazo,mediano,115000,2026-05-22,fin de semana,contactar,0,3,no,media,21,Idea geometrico en brazo con Lina Dot
RES-0743,2026-06-01,10:30,Nicolas Araya,+56980030766,WhatsApp,TikTok,Puerto Octay,Lina Dot,minimalista,fine line,pecho,grande,180000,2026-06-04,mediodia,pendiente,0,3.5,si,alta,38,Idea fine line en pecho con Lina Dot
RES-0744,2026-05-19,13:30,Joaquin Munoz,@joaquin.munoz,Instagram,Instagram,Rahue,Mila Shade,sombras suaves,fine line,hombro,pequeno,40000,2026-05-22,mediodia,pendiente,0,0.75,si,alta,12,Idea fine line en hombro con Mila Shade
RES-0745,2026-06-11,13:00,Josefa Morales,+56986694274,WhatsApp,Instagram,Purranque,Nova Ink,fine line,fine line,antebrazo,pequeno,40000,2026-06-17,tarde,pendiente,0,0.75,si,media,12,Idea fine line en antebrazo con Nova Ink
RES-0746,2026-06-07,16:30,Valentina Vargas,+56942111839,WhatsApp,visita directa,Puerto Octay,Atlas,piezas grandes,tradicional color,antebrazo,grande,315000,2026-06-19,manana,confirmada,70000,5.5,no,baja,77,Idea a color tradicional en antebrazo con Atlas
RES-0747,2026-06-05,10:00,Vicente Oyarzo,+56972100329,WhatsApp,visita directa,Purranque,Rayo,tradicional,tradicional,antebrazo,grande,180000,2026-06-27,manana,pendiente,0,3.5,no,alta,33,Idea tradicional en antebrazo con Rayo
RES-0748,2026-05-23,15:00,Javiera Espinoza,+56921590419,WhatsApp,TikTok,Puerto Octay,Rayo,tradicional,lettering,mano/dedos,pequeno,45000,2026-05-26,tarde,pendiente,0,1,no,media,12,Idea lettering en mano/dedos con Rayo
RES-0749,2026-05-27,16:30,Agustin Munoz,+56941406456,WhatsApp,Google,San Pablo,Atlas,piezas grandes,tradicional,pierna,mediano,100000,2026-06-10,mediodia,confirmada,30000,1.75,si,baja,47,Idea tradicional en pierna con Atlas
RES-0750,2026-05-20,17:30,Nicolas Carrasco,@nicolas.carrasco,Instagram,TikTok,Rio Negro,Mila Shade,sombras suaves,fine line,mano/dedos,mediano,105000,2026-05-23,manana,contactar,0,2.25,si,alta,24,Idea fine line en mano/dedos con Mila Shade
RES-0751,2026-05-27,12:30,Javiera Munoz,+56922860181,WhatsApp,visita directa,Rio Negro,Rayo,tradicional,blackwork color,costillas,mediano,140000,2026-05-30,fin de semana,confirmada,40000,1.75,si,media,54,Idea a color blackwork en costillas con Rayo
RES-0752,2026-05-21,16:30,Constanza Oyarzo,+56983324740,WhatsApp,recomendacion,San Pablo,Lina Dot,minimalista,minimalista,pecho,grande,180000,2026-06-04,manana,confirmada,50000,4.5,si,media,72,Idea minimalista en pecho con Lina Dot
RES-0753,2026-05-30,11:30,Joaquin Navarro,+56982848976,WhatsApp,visita directa,Puerto Octay,Rayo,tradicional,blackwork,espalda,grande,270000,2026-06-03,tarde,pendiente,0,4.5,si,media,54,Idea blackwork en espalda con Rayo
RES-0754,2026-06-02,17:30,Fernanda Espinoza,+56980380632,WhatsApp,TikTok,Francke,Atlas,piezas grandes,tradicional color,cuello,mediano,165000,2026-06-11,mediodia,pendiente,0,2.25,si,media,35,Idea a color tradicional en cuello con Atlas
RES-0755,2026-06-06,09:00,Ignacio Munoz,+56948526458,WhatsApp,Instagram,Francke,Lina Dot,minimalista,fine line,pecho,mediano,130000,2026-06-12,manana,pendiente,0,3,si,baja,29,Idea fine line en pecho con Lina Dot
RES-0756,2026-05-23,17:00,Lucas Alvarez,+56996584140,WhatsApp,TikTok,Puerto Octay,Nova Ink,fine line,fine line,pecho,mediano,145000,2026-05-30,manana,pendiente,0,3,no,alta,26,Idea fine line en pecho con Nova Ink
RES-0757,2026-06-17,13:00,Agustin Soto,+56941216955,WhatsApp,TikTok,Rahue,Mila Shade,sombras suaves,geometrico,mano/dedos,grande,270000,2026-06-20,mediodia,pendiente,0,5.5,si,baja,50,Idea geometrico en mano/dedos con Mila Shade
RES-0758,2026-06-02,10:00,Emilia Castillo,+56934630494,WhatsApp,Google,Francke,Lina Dot,minimalista,fine line,espalda,pequeno,45000,2026-06-05,fin de semana,confirmada,15000,1,si,media,37,Idea fine line en espalda con Lina Dot
RES-0759,2026-06-19,17:00,Antonia Vera,@antonia.vera,Instagram,TikTok,Puerto Octay,Atlas,piezas grandes,geometrico,antebrazo,pequeno,65000,2026-06-23,tarde,pendiente,0,1.25,si,media,17,Idea geometrico en antebrazo con Atlas
RES-0760,2026-06-07,14:00,Constanza Gallardo,+56916363429,WhatsApp,TikTok,Osorno,Nova Ink,fine line,fine line,mano/dedos,pequeno,45000,2026-06-10,tarde,confirmada,15000,1,si,baja,37,Idea fine line en mano/dedos con Nova Ink
RES-0761,2026-06-15,13:00,Catalina Miranda,@catalina.miranda,Instagram,Google,Francke,Lina Dot,minimalista,geometrico,mano/dedos,pequeno,40000,2026-06-18,mediodia,pendiente,0,0.75,si,media,12,Idea geometrico en mano/dedos con Lina Dot
RES-0762,2026-06-19,15:30,Camila Gallardo,@camila.gallardo,Instagram,TikTok,Osorno,Mila Shade,sombras suaves,minimalista,costillas,pequeno,40000,2026-06-23,tarde,pendiente,0,0.75,si,baja,12,Idea minimalista en costillas con Mila Shade
RES-0763,2026-06-03,13:00,Florencia Araya,@florencia.araya,Instagram,Instagram,Rio Negro,Rayo,tradicional,blackwork color,muneca,grande,255000,2026-06-27,mediodia,pendiente,0,5.5,si,media,47,Idea a color blackwork en muneca con Rayo
RES-0764,2026-05-18,15:30,Maximiliano Morales,+56952405211,WhatsApp,Instagram,Puerto Octay,Kuro,blackwork,geometrico,costillas,mediano,105000,2026-05-23,mediodia,confirmada,30000,1.75,no,alta,43,Idea geometrico en costillas con Kuro
RES-0765,2026-05-24,12:30,Diego Soto,@diego.soto,Instagram,recomendacion,Puerto Octay,Kuro,blackwork,geometrico,cuello,pequeno,50000,2026-05-27,manana,confirmada,20000,0.75,si,alta,48,Idea geometrico en cuello con Kuro
RES-0766,2026-05-26,09:30,Florencia Castillo,@florencia.castillo,Instagram,cliente recurrente,Purranque,Atlas,piezas grandes,blackwork,mano/dedos,mediano,170000,2026-05-29,mediodia,pendiente,0,3,si,media,48,Idea blackwork en mano/dedos con Atlas
RES-0767,2026-05-25,13:00,Fernanda Oyarzo,+56917951067,WhatsApp,Google,Osorno,Mila Shade,sombras suaves,geometrico,pecho,pequeno,45000,2026-05-28,tarde,confirmada,15000,1,no,media,32,Idea geometrico en pecho con Mila Shade
RES-0768,2026-06-17,11:00,Nicolas Reyes,+56976214574,WhatsApp,Instagram,Francke,Atlas,piezas grandes,blackwork color,muneca,mediano,110000,2026-06-24,fin de semana,confirmada,30000,1.75,no,baja,44,Idea a color blackwork en muneca con Atlas
RES-0769,2026-05-20,10:00,Gabriel Morales,+56964886467,WhatsApp,TikTok,Rahue,Lina Dot,minimalista,fine line,cuello,mediano,90000,2026-05-23,tarde,pendiente,0,2.25,no,alta,16,Idea fine line en cuello con Lina Dot
RES-0770,2026-06-04,09:00,Tomas Morales,+56996479581,WhatsApp,Instagram,Osorno,Mila Shade,sombras suaves,minimalista,hombro,sesion larga,260000,2026-06-23,manana,contactar,0,6,si,baja,48,Idea minimalista en hombro con Mila Shade
RES-0771,2026-06-07,17:00,Javiera Cortes,@javiera.cortes,Instagram,TikTok,Osorno,Mila Shade,sombras suaves,fine line,mano/dedos,mediano,85000,2026-06-12,fin de semana,pendiente,0,2.25,no,baja,15,Idea fine line en mano/dedos con Mila Shade
RES-0772,2026-05-16,11:00,Catalina Vera,@catalina.vera,Instagram,TikTok,Francke,Rayo,tradicional,blackwork,pecho,mediano,170000,2026-05-21,tarde,contactar,0,3,no,media,31,Idea blackwork en pecho con Rayo
RES-0773,2026-05-26,17:30,Josefa Rojas,+56928987664,WhatsApp,Google,Puerto Octay,Mila Shade,sombras suaves,minimalista,hombro,mediano,85000,2026-05-29,tarde,cancelada,0,2.25,no,alta,15,Idea minimalista en hombro con Mila Shade
RES-0774,2026-05-21,16:30,Francisca Espinoza,+56988741733,WhatsApp,Instagram,Rio Negro,Kuro,blackwork,tradicional,cuello,pequeno,50000,2026-05-27,fin de semana,pendiente,0,0.75,si,media,14,Idea tradicional en cuello con Kuro
RES-0775,2026-05-18,10:30,Nicolas Godoy,+56959472976,WhatsApp,Google,Rahue,Atlas,piezas grandes,geometrico,costillas,mediano,130000,2026-05-22,manana,contactar,0,1.75,si,alta,29,Idea geometrico en costillas con Atlas
RES-0776,2026-05-28,10:30,Catalina Paredes,+56997345576,WhatsApp,TikTok,Francke,Nova Ink,fine line,fine line,antebrazo,grande,180000,2026-06-30,tarde,cancelada,0,4.5,no,baja,33,Idea fine line en antebrazo con Nova Ink
RES-0777,2026-05-20,09:00,Constanza Carrasco,+56954443381,WhatsApp,Instagram,Rahue,Lina Dot,minimalista,fine line color,mano/dedos,grande,210000,2026-05-23,tarde,confirmada,45000,5.5,si,media,63,Idea a color fine line en mano/dedos con Lina Dot
RES-0778,2026-05-17,16:30,Tomas Reyes,@tomas.reyes,Instagram,TikTok,Purranque,Mila Shade,sombras suaves,minimalista,espalda,mediano,110000,2026-05-21,tarde,pendiente,0,2.25,no,baja,20,Idea minimalista en espalda con Mila Shade
RES-0779,2026-05-16,17:00,Emilia Vera,+56919306056,WhatsApp,recomendacion,Rahue,Nova Ink,fine line,lettering,cuello,mediano,120000,2026-05-19,fin de semana,cancelada,0,3,si,media,37,Idea lettering en cuello con Nova Ink
RES-0780,2026-05-26,15:30,Emilia Carrasco,+56952860649,WhatsApp,recomendacion,Osorno,Rayo,tradicional,tradicional,espalda,pequeno,65000,2026-05-29,tarde,confirmada,25000,1,si,alta,51,Idea tradicional en espalda con Rayo
RES-0781,2026-05-17,16:00,Constanza Morales,+56950986213,WhatsApp,Google,San Pablo,Rayo,tradicional,lettering,brazo,pequeno,50000,2026-05-21,tarde,contactar,0,1.25,si,alta,14,Idea lettering en brazo con Rayo
RES-0782,2026-05-22,09:30,Bastian Munoz,+56969682384,WhatsApp,visita directa,Francke,Kuro,blackwork,tradicional color,muneca,grande,280000,2026-07-01,mediodia,confirmada,60000,5.5,si,baja,76,Idea a color tradicional en muneca con Kuro
RES-0783,2026-05-31,11:30,Joaquin Vargas,+56988941172,WhatsApp,visita directa,Ovejeria,Mila Shade,sombras suaves,geometrico,muneca,mediano,85000,2026-06-03,mediodia,confirmada,30000,1.75,si,alta,44,Idea geometrico en muneca con Mila Shade
RES-0784,2026-05-22,17:30,Benjamin Alvarez,@benjamin.alvarez,Instagram,Instagram,San Pablo,Atlas,piezas grandes,tradicional color,costillas,mediano,170000,2026-05-26,tarde,confirmada,50000,2.25,si,media,60,Idea a color tradicional en costillas con Atlas
RES-0785,2026-06-06,15:30,Joaquin Soto,@joaquin.soto,Instagram,evento AIEP,San Pablo,Lina Dot,minimalista,fine line,brazo,mediano,100000,2026-06-12,manana,confirmada,30000,3,si,media,47,Idea fine line en brazo con Lina Dot
RES-0786,2026-06-01,12:00,Emilia Gallardo,+56975155766,WhatsApp,TikTok,Osorno,Kuro,blackwork,blackwork,espalda,pequeno,60000,2026-06-06,mediodia,confirmada,20000,1,no,media,35,Idea blackwork en espalda con Kuro
RES-0787,2026-05-24,11:30,Javiera Cardenas,@javiera.cardenas,Instagram,Instagram,Osorno,Kuro,blackwork,blackwork color,costillas,grande,330000,2026-07-02,tarde,reagendada,0,4.5,si,baja,65,Idea a color blackwork en costillas con Kuro
RES-0788,2026-05-22,09:00,Constanza Carrasco,+56915053377,WhatsApp,TikTok,Osorno,Lina Dot,minimalista,fine line,muneca,pequeno,40000,2026-05-28,manana,pendiente,0,1.25,no,alta,12,Idea fine line en muneca con Lina Dot
RES-0789,2026-06-04,11:30,Agustin Mansilla,+56949362112,WhatsApp,Instagram,Purranque,Rayo,tradicional,blackwork color,cuello,sesion larga,445000,2026-06-27,fin de semana,confirmada,100000,6,si,baja,100,Idea a color blackwork en cuello con Rayo
RES-0790,2026-06-04,10:30,Joaquin Morales,+56943158807,WhatsApp,cliente recurrente,Rahue,Atlas,piezas grandes,blackwork,tobillo,pequeno,55000,2026-06-10,tarde,confirmada,20000,1,si,media,51,Idea blackwork en tobillo con Atlas
RES-0791,2026-06-06,16:30,Martina Soto,@martina.soto,Instagram,Instagram,Rahue,Atlas,piezas grandes,geometrico,tobillo,mediano,85000,2026-06-11,manana,pendiente,0,1.75,si,alta,20,Idea geometrico en tobillo con Atlas
RES-0792,2026-05-20,09:00,Francisca Cortes,+56945024563,WhatsApp,evento AIEP,Puerto Octay,Nova Ink,fine line,fine line,muneca,pequeno,40000,2026-05-30,tarde,cancelada,0,1,no,media,12,Idea fine line en muneca con Nova Ink
RES-0793,2026-05-30,16:00,Martina Cortes,+56992481438,WhatsApp,visita directa,Purranque,Mila Shade,sombras suaves,geometrico,costillas,mediano,130000,2026-06-02,tarde,pendiente,0,2.25,no,baja,24,Idea geometrico en costillas con Mila Shade
RES-0794,2026-06-15,15:00,Bastian Morales,@bastian.morales,Instagram,Instagram,Francke,Rayo,tradicional,tradicional color,pecho,pequeno,60000,2026-06-18,tarde,pendiente,0,1,si,alta,16,Idea a color tradicional en pecho con Rayo
RES-0795,2026-05-31,14:00,Cristobal Carrasco,+56980110117,WhatsApp,TikTok,Francke,Atlas,piezas grandes,geometrico,antebrazo,mediano,160000,2026-06-11,fin de semana,confirmada,45000,3,si,alta,58,Idea geometrico en antebrazo con Atlas
RES-0796,2026-06-02,12:30,Josefa Vargas,@josefa.vargas,Instagram,TikTok,Ovejeria,Nova Ink,fine line,fine line,muneca,grande,180000,2026-06-30,tarde,pendiente,0,5.5,si,media,34,Idea fine line en muneca con Nova Ink
RES-0797,2026-06-11,09:00,Renata Castillo,@renata.castillo,Instagram,Instagram,Rio Negro,Rayo,tradicional,tradicional,mano/dedos,pequeno,75000,2026-06-16,tarde,confirmada,25000,1.25,no,alta,38,Idea tradicional en mano/dedos con Rayo
RES-0798,2026-06-14,16:30,Agustin Munoz,@agustin.munoz,Instagram,cliente recurrente,San Pablo,Mila Shade,sombras suaves,geometrico,muneca,mediano,95000,2026-06-19,mediodia,confirmada,25000,3,si,baja,58,Idea geometrico en muneca con Mila Shade
RES-0799,2026-05-19,15:30,Josefa Mansilla,+56953112000,WhatsApp,Instagram,Rio Negro,Atlas,piezas grandes,geometrico color,brazo,pequeno,50000,2026-05-22,mediodia,reagendada,0,0.75,si,alta,14,Idea a color geometrico en brazo con Atlas
RES-0800,2026-06-07,14:30,Trinidad Cardenas,+56912544994,WhatsApp,Google,Rahue,Rayo,tradicional,tradicional,hombro,pequeno,65000,2026-06-17,tarde,cancelada,0,1.25,si,alta,17,Idea tradicional en hombro con Rayo
RES-0801,2026-06-06,16:30,Nicolas Bravo,+56961940594,WhatsApp,Instagram,Osorno,Kuro,blackwork,tradicional,brazo,mediano,115000,2026-06-20,tarde,contactar,0,2.25,no,alta,21,Idea tradicional en brazo con Kuro
RES-0802,2026-06-05,09:00,Fernanda Carrasco,+56924438674,WhatsApp,Instagram,Purranque,Lina Dot,minimalista,fine line,antebrazo,pequeno,40000,2026-06-09,tarde,pendiente,0,1,si,alta,12,Idea fine line en antebrazo con Lina Dot
RES-0803,2026-05-18,14:30,Maximiliano Rojas,+56924175981,WhatsApp,evento AIEP,Osorno,Kuro,blackwork,blackwork,pierna,mediano,135000,2026-05-23,tarde,confirmada,40000,2.25,si,media,54,Idea blackwork en pierna con Kuro
RES-0804,2026-05-14,15:00,Catalina Alvarez,@catalina.alvarez,Instagram,Google,Puerto Octay,Rayo,tradicional,lettering,muneca,pequeno,45000,2026-05-21,mediodia,cancelada,0,1.25,si,baja,13,Idea lettering en muneca con Rayo
RES-0805,2026-06-07,10:00,Lucas Reyes,@lucas.reyes,Instagram,Instagram,Ovejeria,Kuro,blackwork,blackwork,muneca,mediano,85000,2026-06-13,fin de semana,reagendada,0,1.75,si,baja,20,Idea blackwork en muneca con Kuro
RES-0806,2026-06-09,16:30,Joaquin Gallardo,+56981056299,WhatsApp,Instagram,Puerto Octay,Lina Dot,minimalista,fine line,cuello,pequeno,40000,2026-06-12,tarde,reagendada,0,0.75,si,media,12,Idea fine line en cuello con Lina Dot
RES-0807,2026-05-20,11:30,Bastian Cardenas,@bastian.cardenas,Instagram,evento AIEP,San Pablo,Lina Dot,minimalista,minimalista,pecho,pequeno,40000,2026-05-28,manana,confirmada,15000,0.75,si,alta,36,Idea minimalista en pecho con Lina Dot
RES-0808,2026-06-10,13:00,Antonia Espinoza,@antonia.espinoza,Instagram,recomendacion,San Pablo,Kuro,blackwork,blackwork,brazo,pequeno,65000,2026-06-13,tarde,confirmada,25000,1.25,si,alta,51,Idea blackwork en brazo con Kuro
RES-0809,2026-05-23,14:00,Benjamin Vargas,@benjamin.vargas,Instagram,cliente recurrente,Puerto Octay,Lina Dot,minimalista,fine line,pecho,mediano,85000,2026-05-28,manana,contactar,0,1.75,si,baja,32,Idea fine line en pecho con Lina Dot
RES-0810,2026-05-31,16:00,Martina Carrasco,+56940109360,WhatsApp,TikTok,Francke,Lina Dot,minimalista,fine line,tobillo,pequeno,40000,2026-06-05,tarde,pendiente,0,1.25,si,media,12,Idea fine line en tobillo con Lina Dot
RES-0811,2026-05-27,14:00,Diego Vera,+56929881821,WhatsApp,Instagram,Osorno,Rayo,tradicional,tradicional,mano/dedos,pequeno,50000,2026-05-30,manana,confirmada,20000,1,si,media,38,Idea tradicional en mano/dedos con Rayo
RES-0812,2026-06-19,12:00,Isidora Leiva,@isidora.leiva,Instagram,evento AIEP,Purranque,Atlas,piezas grandes,tradicional color,mano/dedos,grande,245000,2026-06-25,tarde,contactar,0,3.5,si,media,50,Idea a color tradicional en mano/dedos con Atlas
RES-0813,2026-06-11,09:00,Renata Paredes,+56959171736,WhatsApp,Google,Puerto Octay,Kuro,blackwork,geometrico color,antebrazo,mediano,120000,2026-06-20,tarde,pendiente,0,2.25,si,baja,27,Idea a color geometrico en antebrazo con Kuro
RES-0814,2026-06-02,09:00,Francisca Araya,+56923363080,WhatsApp,recomendacion,Rio Negro,Atlas,piezas grandes,geometrico,pierna,mediano,120000,2026-06-11,tarde,pendiente,0,2.25,no,alta,32,Idea geometrico en pierna con Atlas
RES-0815,2026-05-16,13:00,Camila Castillo,+56959218952,WhatsApp,evento AIEP,Osorno,Lina Dot,minimalista,minimalista,pecho,mediano,85000,2026-05-19,mediodia,pendiente,0,1.75,no,media,15,Idea minimalista en pecho con Lina Dot
RES-0816,2026-06-02,17:30,Vicente Castillo,+56936971533,WhatsApp,recomendacion,Ovejeria,Lina Dot,minimalista,fine line,muneca,pequeno,40000,2026-06-05,mediodia,confirmada,15000,0.75,si,alta,46,Idea fine line en muneca con Lina Dot
RES-0817,2026-05-24,11:30,Matias Vargas,+56980062452,WhatsApp,Instagram,Puerto Octay,Rayo,tradicional,lettering color,costillas,mediano,140000,2026-05-29,fin de semana,confirmada,40000,2.25,si,media,54,Idea a color lettering en costillas con Rayo
RES-0818,2026-05-31,10:00,Vicente Miranda,+56943747291,WhatsApp,Instagram,Osorno,Mila Shade,sombras suaves,geometrico,antebrazo,pequeno,45000,2026-06-03,tarde,pendiente,0,1.25,no,media,12,Idea geometrico en antebrazo con Mila Shade
RES-0819,2026-06-19,11:30,Agustin Paredes,+56915981449,WhatsApp,TikTok,Francke,Rayo,tradicional,lettering,cuello,mediano,150000,2026-06-30,tarde,pendiente,0,3,si,media,32,Idea lettering en cuello con Rayo
RES-0820,2026-06-08,16:30,Martina Navarro,@martina.navarro,Instagram,TikTok,Osorno,Nova Ink,fine line,minimalista,cuello,pequeno,40000,2026-06-12,manana,confirmada,15000,1,si,baja,36,Idea minimalista en cuello con Nova Ink
RES-0821,2026-05-20,12:30,Trinidad Saavedra,+56964935611,WhatsApp,evento AIEP,Osorno,Kuro,blackwork,tradicional,brazo,mediano,115000,2026-06-20,tarde,cancelada,0,2.25,si,media,26,Idea tradicional en brazo con Kuro
RES-0822,2026-05-16,16:30,Vicente Soto,+56991481277,WhatsApp,TikTok,Puerto Octay,Kuro,blackwork,blackwork,hombro,pequeno,45000,2026-05-19,manana,reagendada,0,0.75,si,baja,13,Idea blackwork en hombro con Kuro
RES-0823,2026-06-11,16:30,Catalina Bravo,+56954818572,WhatsApp,Instagram,Ovejeria,Mila Shade,sombras suaves,geometrico color,costillas,mediano,160000,2026-06-16,manana,pendiente,0,2.25,si,media,34,Idea a color geometrico en costillas con Mila Shade
RES-0824,2026-06-19,17:00,Matias Bravo,+56991446446,WhatsApp,evento AIEP,Rio Negro,Nova Ink,fine line,fine line,tobillo,pequeno,40000,2026-06-24,tarde,confirmada,15000,1,si,baja,36,Idea fine line en tobillo con Nova Ink
RES-0825,2026-05-15,09:30,Isidora Soto,@isidora.soto,Instagram,recomendacion,Puerto Octay,Mila Shade,sombras suaves,minimalista,muneca,mediano,85000,2026-05-21,fin de semana,pendiente,0,2.25,si,alta,30,Idea minimalista en muneca con Mila Shade
RES-0826,2026-06-11,17:00,Constanza Leiva,+56980502331,WhatsApp,Google,Ovejeria,Lina Dot,minimalista,geometrico,mano/dedos,mediano,95000,2026-06-18,manana,confirmada,25000,2.25,si,media,46,Idea geometrico en mano/dedos con Lina Dot
RES-0827,2026-06-02,16:30,Fernanda Cardenas,@fernanda.cardenas,Instagram,Instagram,Ovejeria,Mila Shade,sombras suaves,minimalista,hombro,pequeno,40000,2026-06-05,mediodia,confirmada,15000,0.75,no,baja,31,Idea minimalista en hombro con Mila Shade
RES-0828,2026-05-18,09:30,Martina Cardenas,+56924139904,WhatsApp,recomendacion,Puerto Octay,Lina Dot,minimalista,geometrico,tobillo,grande,180000,2026-05-22,manana,cancelada,0,3.5,no,baja,43,Idea geometrico en tobillo con Lina Dot
RES-0829,2026-05-28,15:00,Diego Mansilla,+56963354667,WhatsApp,evento AIEP,Osorno,Lina Dot,minimalista,fine line color,espalda,pequeno,45000,2026-06-02,mediodia,cancelada,0,1,si,media,13,Idea a color fine line en espalda con Lina Dot
RES-0830,2026-06-10,17:30,Joaquin Araya,@joaquin.araya,Instagram,Google,Osorno,Mila Shade,sombras suaves,minimalista,cuello,grande,180000,2026-06-20,tarde,reagendada,0,3.5,si,media,38,Idea minimalista en cuello con Mila Shade
RES-0831,2026-05-31,15:00,Sebastian Godoy,+56946906704,WhatsApp,Instagram,Francke,Atlas,piezas grandes,geometrico,tobillo,mediano,110000,2026-06-11,mediodia,pendiente,0,2.25,si,media,25,Idea geometrico en tobillo con Atlas
RES-0832,2026-06-15,15:30,Benjamin Godoy,+56943393226,WhatsApp,TikTok,Rio Negro,Lina Dot,minimalista,geometrico,pierna,pequeno,40000,2026-06-18,fin de semana,confirmada,15000,0.75,si,alta,36,Idea geometrico en pierna con Lina Dot
RES-0833,2026-06-18,15:30,Isidora Paredes,+56987522652,WhatsApp,evento AIEP,Rahue,Kuro,blackwork,blackwork color,brazo,mediano,105000,2026-06-26,mediodia,pendiente,0,1.75,no,baja,19,Idea a color blackwork en brazo con Kuro
RES-0834,2026-05-23,17:00,Valentina Oyarzo,+56978275988,WhatsApp,Instagram,Rio Negro,Kuro,blackwork,blackwork,muneca,pequeno,55000,2026-05-27,fin de semana,contactar,0,1.25,si,media,15,Idea blackwork en muneca con Kuro
RES-0835,2026-06-02,14:00,Sebastian Navarro,+56921887773,WhatsApp,Instagram,Ovejeria,Nova Ink,fine line,lettering,tobillo,mediano,85000,2026-06-05,fin de semana,reagendada,0,1.75,si,media,20,Idea lettering en tobillo con Nova Ink
RES-0836,2026-06-08,09:00,Sebastian Oyarzo,@sebastian.oyarzo,Instagram,cliente recurrente,Rahue,Rayo,tradicional,tradicional color,brazo,pequeno,55000,2026-06-13,manana,confirmada,20000,1,si,baja,51,Idea a color tradicional en brazo con Rayo
RES-0837,2026-05-13,13:30,Valentina Oyarzo,+56935090201,WhatsApp,recomendacion,Purranque,Atlas,piezas grandes,blackwork,brazo,pequeno,50000,2026-05-16,fin de semana,confirmada,20000,0.75,si,media,48,Idea blackwork en brazo con Atlas
RES-0838,2026-05-27,14:30,Renata Vera,+56938547995,WhatsApp,visita directa,Francke,Atlas,piezas grandes,geometrico color,mano/dedos,mediano,115000,2026-06-11,fin de semana,pendiente,0,1.75,si,baja,26,Idea a color geometrico en mano/dedos con Atlas
RES-0839,2026-06-13,12:00,Emilia Vargas,+56964552136,WhatsApp,Instagram,Puerto Octay,Atlas,piezas grandes,blackwork,espalda,mediano,160000,2026-06-18,tarde,contactar,0,2.25,no,baja,29,Idea blackwork en espalda con Atlas
RES-0840,2026-05-23,11:00,Cristobal Paredes,@cristobal.paredes,Instagram,TikTok,Rio Negro,Nova Ink,fine line,minimalista,tobillo,mediano,85000,2026-05-30,manana,pendiente,0,1.75,si,alta,20,Idea minimalista en tobillo con Nova Ink
RES-0841,2026-05-27,10:30,Cristobal Rojas,@cristobal.rojas,Instagram,Instagram,Rahue,Mila Shade,sombras suaves,geometrico color,mano/dedos,mediano,100000,2026-05-30,fin de semana,pendiente,0,1.75,no,media,18,Idea a color geometrico en mano/dedos con Mila Shade
RES-0842,2026-05-19,11:30,Diego Gallardo,+56932486973,WhatsApp,recomendacion,Purranque,Lina Dot,minimalista,fine line color,hombro,pequeno,40000,2026-05-22,tarde,contactar,0,0.75,no,media,17,Idea a color fine line en hombro con Lina Dot
RES-0843,2026-05-24,14:00,Cristobal Oyarzo,+56958157972,WhatsApp,Instagram,Purranque,Nova Ink,fine line,fine line,muneca,pequeno,40000,2026-05-30,mediodia,pendiente,0,1.25,si,baja,12,Idea fine line en muneca con Nova Ink
RES-0844,2026-05-16,11:30,Josefa Vera,+56951650644,WhatsApp,Google,Ovejeria,Kuro,blackwork,geometrico,pecho,mediano,170000,2026-05-19,mediodia,pendiente,0,3,no,alta,31,Idea geometrico en pecho con Kuro
RES-0845,2026-06-19,14:00,Valentina Saavedra,@valentina.saavedra,Instagram,recomendacion,Purranque,Mila Shade,sombras suaves,geometrico,brazo,sesion larga,260000,2026-06-23,fin de semana,pendiente,0,6,si,media,58,Idea geometrico en brazo con Mila Shade
RES-0846,2026-05-29,10:30,Fernanda Soto,@fernanda.soto,Instagram,recomendacion,Purranque,Atlas,piezas grandes,blackwork color,hombro,mediano,140000,2026-06-11,fin de semana,confirmada,40000,1.75,si,media,64,Idea a color blackwork en hombro con Atlas
RES-0847,2026-05-17,11:00,Martina Godoy,@martina.godoy,Instagram,cliente recurrente,Purranque,Mila Shade,sombras suaves,geometrico color,hombro,pequeno,55000,2026-05-20,fin de semana,confirmada,20000,1,si,baja,51,Idea a color geometrico en hombro con Mila Shade
RES-0848,2026-06-03,11:30,Tomas Morales,+56966013567,WhatsApp,Instagram,Purranque,Rayo,tradicional,blackwork,muneca,sesion larga,260000,2026-06-30,tarde,reagendada,0,5,si,media,52,Idea blackwork en muneca con Rayo
RES-0849,2026-06-02,09:30,Tomas Godoy,@tomas.godoy,Instagram,Google,Ovejeria,Nova Ink,fine line,minimalista,pecho,sesion larga,265000,2026-07-01,fin de semana,pendiente,0,7,si,baja,49,Idea minimalista en pecho con Nova Ink
RES-0850,2026-05-15,09:30,Cristobal Carrasco,+56948940523,WhatsApp,TikTok,Francke,Mila Shade,sombras suaves,fine line,tobillo,pequeno,40000,2026-05-19,fin de semana,pendiente,0,0.75,no,alta,12,Idea fine line en tobillo con Mila Shade
RES-0851,2026-05-21,11:00,Renata Vera,+56969278505,WhatsApp,recomendacion,Rio Negro,Rayo,tradicional,blackwork color,espalda,mediano,155000,2026-05-26,mediodia,confirmada,45000,2.25,si,media,67,Idea a color blackwork en espalda con Rayo
RES-0852,2026-06-04,15:00,Javiera Alvarez,+56968058545,WhatsApp,evento AIEP,San Pablo,Mila Shade,sombras suaves,minimalista,pierna,pequeno,40000,2026-06-09,tarde,pendiente,0,1,no,alta,12,Idea minimalista en pierna con Mila Shade
RES-0853,2026-05-23,16:00,Agustin Gallardo,+56976428502,WhatsApp,Instagram,San Pablo,Rayo,tradicional,tradicional color,pecho,grande,330000,2026-06-04,manana,confirmada,75000,5.5,si,media,85,Idea a color tradicional en pecho con Rayo
RES-0854,2026-06-13,12:30,Emilia Oyarzo,+56970422883,WhatsApp,cliente recurrente,Rio Negro,Mila Shade,sombras suaves,fine line color,costillas,mediano,170000,2026-06-20,tarde,confirmada,50000,3,si,media,72,Idea a color fine line en costillas con Mila Shade
RES-0855,2026-06-18,16:30,Constanza Carrasco,+56926552953,WhatsApp,evento AIEP,Purranque,Mila Shade,sombras suaves,fine line,cuello,mediano,115000,2026-06-23,fin de semana,contactar,0,2.25,si,media,26,Idea fine line en cuello con Mila Shade
RES-0856,2026-05-23,17:30,Diego Gallardo,@diego.gallardo,Instagram,cliente recurrente,Francke,Atlas,piezas grandes,geometrico color,hombro,mediano,170000,2026-05-29,manana,confirmada,50000,3,si,alta,72,Idea a color geometrico en hombro con Atlas
RES-0857,2026-06-07,09:30,Fernanda Munoz,+56979752251,WhatsApp,Instagram,Puerto Octay,Mila Shade,sombras suaves,geometrico color,tobillo,grande,200000,2026-06-23,fin de semana,cancelada,0,4.5,si,alta,41,Idea a color geometrico en tobillo con Mila Shade
RES-0858,2026-05-14,09:00,Ignacio Alvarez,+56914148198,WhatsApp,recomendacion,Osorno,Rayo,tradicional,blackwork,hombro,pequeno,50000,2026-05-19,manana,confirmada,20000,1,si,alta,48,Idea blackwork en hombro con Rayo
RES-0859,2026-06-04,09:00,Trinidad Bravo,+56927021067,WhatsApp,evento AIEP,Rahue,Rayo,tradicional,blackwork,hombro,sesion larga,350000,2026-07-01,manana,cancelada,0,7,no,media,60,Idea blackwork en hombro con Rayo
RES-0860,2026-05-25,13:00,Maximiliano Miranda,+56978623453,WhatsApp,cliente recurrente,San Pablo,Kuro,blackwork,tradicional,antebrazo,mediano,110000,2026-06-20,fin de semana,confirmada,30000,2.25,si,media,61,Idea tradicional en antebrazo con Kuro
RES-0861,2026-05-24,13:30,Catalina Vargas,+56966534606,WhatsApp,TikTok,Osorno,Nova Ink,fine line,fine line,hombro,mediano,85000,2026-05-30,fin de semana,pendiente,0,2.25,si,alta,20,Idea fine line en hombro con Nova Ink
RES-0862,2026-05-21,10:00,Joaquin Saavedra,+56939203175,WhatsApp,Instagram,Puerto Octay,Nova Ink,fine line,lettering,hombro,mediano,85000,2026-05-30,tarde,pendiente,0,1.75,si,media,20,Idea lettering en hombro con Nova Ink
RES-0863,2026-06-08,16:30,Vicente Alvarez,@vicente.alvarez,Instagram,TikTok,Ovejeria,Atlas,piezas grandes,geometrico,muneca,pequeno,40000,2026-06-12,mediodia,pendiente,0,0.75,si,media,12,Idea geometrico en muneca con Atlas
RES-0864,2026-05-17,12:30,Camila Espinoza,+56983547840,WhatsApp,TikTok,Rahue,Mila Shade,sombras suaves,fine line,brazo,pequeno,40000,2026-05-20,tarde,reagendada,0,1,si,alta,12,Idea fine line en brazo con Mila Shade
RES-0865,2026-06-10,11:30,Ignacio Castillo,+56957490194,WhatsApp,visita directa,Rahue,Rayo,tradicional,lettering,mano/dedos,grande,240000,2026-06-30,tarde,pendiente,0,5.5,no,baja,40,Idea lettering en mano/dedos con Rayo
RES-0866,2026-05-30,12:30,Matias Cardenas,@matias.cardenas,Instagram,recomendacion,Ovejeria,Kuro,blackwork,geometrico color,espalda,pequeno,80000,2026-06-03,mediodia,pendiente,0,1.25,si,media,30,Idea a color geometrico en espalda con Kuro
RES-0867,2026-06-02,11:00,Sebastian Reyes,+56992595416,WhatsApp,evento AIEP,Purranque,Nova Ink,fine line,fine line,mano/dedos,pequeno,55000,2026-06-05,tarde,contactar,0,1.25,si,baja,15,Idea fine line en mano/dedos con Nova Ink
RES-0868,2026-05-14,15:30,Francisca Reyes,@francisca.reyes,Instagram,TikTok,Rio Negro,Rayo,tradicional,lettering color,muneca,grande,180000,2026-05-21,tarde,pendiente,0,3.5,si,media,38,Idea a color lettering en muneca con Rayo
RES-0869,2026-05-28,11:30,Benjamin Castillo,@benjamin.castillo,Instagram,TikTok,Osorno,Mila Shade,sombras suaves,fine line color,brazo,mediano,140000,2026-06-03,mediodia,confirmada,40000,3,si,media,54,Idea a color fine line en brazo con Mila Shade
RES-0870,2026-05-19,15:30,Josefa Bravo,+56979513551,WhatsApp,evento AIEP,Osorno,Nova Ink,fine line,lettering,brazo,mediano,85000,2026-05-30,manana,confirmada,30000,1.75,si,baja,44,Idea lettering en brazo con Nova Ink
RES-0871,2026-05-22,11:30,Catalina Paredes,+56977362117,WhatsApp,Instagram,San Pablo,Mila Shade,sombras suaves,minimalista color,costillas,mediano,135000,2026-05-28,manana,cancelada,0,2.25,si,baja,30,Idea a color minimalista en costillas con Mila Shade
RES-0872,2026-05-24,14:30,Vicente Oyarzo,@vicente.oyarzo,Instagram,cliente recurrente,Ovejeria,Rayo,tradicional,tradicional color,costillas,pequeno,55000,2026-05-27,tarde,confirmada,20000,0.75,no,media,46,Idea a color tradicional en costillas con Rayo
RES-0873,2026-06-15,11:30,Agustin Munoz,@agustin.munoz,Instagram,Instagram,Francke,Mila Shade,sombras suaves,minimalista,antebrazo,grande,180000,2026-06-23,tarde,confirmada,50000,5.5,si,alta,58,Idea minimalista en antebrazo con Mila Shade
RES-0874,2026-06-07,14:00,Florencia Castillo,+56955074706,WhatsApp,cliente recurrente,Francke,Kuro,blackwork,tradicional,costillas,pequeno,50000,2026-06-11,tarde,confirmada,20000,0.75,no,baja,45,Idea tradicional en costillas con Kuro
RES-0875,2026-06-05,12:30,Catalina Araya,@catalina.araya,Instagram,cliente recurrente,Puerto Octay,Kuro,blackwork,geometrico,brazo,grande,255000,2026-07-02,manana,confirmada,55000,5.5,si,media,83,Idea geometrico en brazo con Kuro
RES-0876,2026-05-17,11:30,Agustin Miranda,+56951899295,WhatsApp,Instagram,Osorno,Mila Shade,sombras suaves,fine line color,tobillo,grande,180000,2026-05-22,mediodia,contactar,0,3.5,si,media,38,Idea a color fine line en tobillo con Mila Shade
RES-0877,2026-05-25,14:00,Josefa Oyarzo,@josefa.oyarzo,Instagram,TikTok,Francke,Rayo,tradicional,lettering,mano/dedos,pequeno,55000,2026-05-29,mediodia,reagendada,0,1.25,si,alta,15,Idea lettering en mano/dedos con Rayo
RES-0878,2026-05-29,16:00,Martina Paredes,@martina.paredes,Instagram,TikTok,Purranque,Rayo,tradicional,lettering,costillas,mediano,155000,2026-06-03,manana,cancelada,0,3,si,media,33,Idea lettering en costillas con Rayo
RES-0879,2026-05-13,17:30,Joaquin Mansilla,+56925371173,WhatsApp,TikTok,Puerto Octay,Rayo,tradicional,lettering,hombro,mediano,95000,2026-05-16,tarde,pendiente,0,2.25,no,baja,17,Idea lettering en hombro con Rayo
RES-0880,2026-05-27,16:30,Camila Navarro,@camila.navarro,Instagram,evento AIEP,San Pablo,Lina Dot,minimalista,minimalista color,muneca,grande,180000,2026-06-02,fin de semana,reagendada,0,3.5,si,baja,38,Idea a color minimalista en muneca con Lina Dot
RES-0881,2026-05-20,11:00,Javiera Navarro,+56911681682,WhatsApp,TikTok,Francke,Rayo,tradicional,lettering,pecho,mediano,90000,2026-05-29,manana,confirmada,25000,1.75,si,media,45,Idea lettering en pecho con Rayo
RES-0882,2026-06-05,16:00,Camila Navarro,+56986744179,WhatsApp,recomendacion,Purranque,Nova Ink,fine line,lettering,espalda,grande,180000,2026-06-30,fin de semana,confirmada,50000,3.5,si,media,72,Idea lettering en espalda con Nova Ink
RES-0883,2026-06-11,16:30,Vicente Leiva,+56999533482,WhatsApp,cliente recurrente,Rahue,Atlas,piezas grandes,geometrico color,hombro,mediano,140000,2026-06-18,mediodia,pendiente,0,2.25,si,media,42,Idea a color geometrico en hombro con Atlas
RES-0884,2026-05-13,12:30,Cristobal Mansilla,@cristobal.mansilla,Instagram,Google,Puerto Octay,Mila Shade,sombras suaves,geometrico,antebrazo,sesion larga,285000,2026-06-13,fin de semana,pendiente,0,7,si,media,53,Idea geometrico en antebrazo con Mila Shade
RES-0885,2026-06-18,09:30,Bastian Navarro,@bastian.navarro,Instagram,TikTok,Osorno,Kuro,blackwork,blackwork,antebrazo,pequeno,40000,2026-06-24,tarde,contactar,0,0.75,si,baja,12,Idea blackwork en antebrazo con Kuro
RES-0886,2026-05-28,10:00,Isidora Alvarez,+56986788105,WhatsApp,TikTok,San Pablo,Rayo,tradicional,blackwork,pecho,grande,330000,2026-06-30,tarde,confirmada,75000,5.5,si,baja,85,Idea blackwork en pecho con Rayo
RES-0887,2026-06-10,11:00,Felipe Gallardo,+56965324126,WhatsApp,evento AIEP,Purranque,Nova Ink,fine line,minimalista,brazo,mediano,90000,2026-06-25,fin de semana,cancelada,0,3,si,alta,21,Idea minimalista en brazo con Nova Ink
RES-0888,2026-06-17,11:00,Diego Paredes,+56955600537,WhatsApp,cliente recurrente,Purranque,Kuro,blackwork,geometrico,antebrazo,sesion larga,325000,2026-07-22,tarde,pendiente,0,7,no,media,67,Idea geometrico en antebrazo con Kuro
RES-0889,2026-06-09,11:00,Agustin Carrasco,@agustin.carrasco,Instagram,TikTok,Rahue,Atlas,piezas grandes,blackwork,pecho,mediano,135000,2026-06-12,tarde,confirmada,40000,1.75,si,alta,54,Idea blackwork en pecho con Atlas
RES-0890,2026-05-20,09:30,Diego Godoy,+56960920528,WhatsApp,recomendacion,Ovejeria,Mila Shade,sombras suaves,minimalista,tobillo,grande,180000,2026-05-23,tarde,contactar,0,3.5,no,media,43,Idea minimalista en tobillo con Mila Shade
RES-0891,2026-05-28,09:30,Ignacio Rojas,+56959169380,WhatsApp,recomendacion,Ovejeria,Atlas,piezas grandes,tradicional,muneca,grande,255000,2026-06-25,tarde,confirmada,55000,5.5,no,media,76,Idea tradicional en muneca con Atlas
RES-0892,2026-06-08,11:30,Matias Miranda,@matias.miranda,Instagram,visita directa,Osorno,Atlas,piezas grandes,tradicional color,pecho,pequeno,55000,2026-06-12,fin de semana,confirmada,20000,0.75,si,media,39,Idea a color tradicional en pecho con Atlas
RES-0893,2026-05-18,13:00,Camila Mansilla,+56942528739,WhatsApp,cliente recurrente,Rahue,Lina Dot,minimalista,minimalista color,antebrazo,pequeno,45000,2026-05-21,mediodia,contactar,0,1.25,no,media,20,Idea a color minimalista en antebrazo con Lina Dot
RES-0894,2026-06-15,14:30,Gabriel Mansilla,@gabriel.mansilla,Instagram,Instagram,San Pablo,Rayo,tradicional,lettering,pierna,grande,235000,2026-07-01,fin de semana,pendiente,0,5.5,no,media,39,Idea lettering en pierna con Rayo
RES-0895,2026-05-26,13:00,Ignacio Rojas,+56970947198,WhatsApp,TikTok,Rio Negro,Lina Dot,minimalista,geometrico,muneca,pequeno,40000,2026-06-02,manana,confirmada,15000,0.75,si,media,36,Idea geometrico en muneca con Lina Dot
RES-0896,2026-05-28,13:00,Antonia Carrasco,+56911077886,WhatsApp,TikTok,Francke,Kuro,blackwork,tradicional,brazo,mediano,140000,2026-07-03,tarde,pendiente,0,3,si,media,30,Idea tradicional en brazo con Kuro
RES-0897,2026-06-12,17:30,Bastian Reyes,@bastian.reyes,Instagram,Instagram,Purranque,Nova Ink,fine line,minimalista color,muneca,pequeno,40000,2026-06-19,tarde,confirmada,15000,1,si,alta,36,Idea a color minimalista en muneca con Nova Ink
RES-0898,2026-05-16,13:00,Lucas Miranda,@lucas.miranda,Instagram,visita directa,Purranque,Atlas,piezas grandes,blackwork color,espalda,pequeno,80000,2026-05-22,fin de semana,pendiente,0,1,si,baja,20,Idea a color blackwork en espalda con Atlas
RES-0899,2026-06-14,16:30,Bastian Carrasco,@bastian.carrasco,Instagram,Google,Osorno,Atlas,piezas grandes,tradicional,pecho,mediano,110000,2026-06-18,manana,pendiente,0,1.75,si,media,25,Idea tradicional en pecho con Atlas
RES-0900,2026-05-21,09:00,Emilia Espinoza,+56971484392,WhatsApp,Google,Osorno,Lina Dot,minimalista,geometrico,espalda,mediano,85000,2026-05-28,fin de semana,contactar,0,1.75,si,alta,20,Idea geometrico en espalda con Lina Dot
RES-0901,2026-05-20,11:30,Camila Saavedra,+56913761840,WhatsApp,TikTok,Francke,Rayo,tradicional,tradicional color,tobillo,grande,180000,2026-06-03,tarde,confirmada,50000,3.5,si,baja,62,Idea a color tradicional en tobillo con Rayo
RES-0902,2026-05-17,17:30,Matias Araya,+56925925811,WhatsApp,recomendacion,Rio Negro,Nova Ink,fine line,fine line,hombro,pequeno,55000,2026-05-20,fin de semana,pendiente,0,1.25,no,baja,20,Idea fine line en hombro con Nova Ink
RES-0903,2026-05-27,09:30,Cristobal Castillo,+56962314732,WhatsApp,evento AIEP,Rio Negro,Kuro,blackwork,geometrico,costillas,pequeno,80000,2026-05-30,fin de semana,contactar,0,1.25,si,baja,20,Idea geometrico en costillas con Kuro
RES-0904,2026-06-13,15:00,Agustin Espinoza,@agustin.espinoza,Instagram,TikTok,Francke,Kuro,blackwork,tradicional color,muneca,mediano,85000,2026-06-19,fin de semana,confirmada,30000,1.75,no,media,39,Idea a color tradicional en muneca con Kuro
RES-0905,2026-05-28,13:30,Lucas Castillo,@lucas.castillo,Instagram,cliente recurrente,Ovejeria,Lina Dot,minimalista,geometrico,muneca,mediano,85000,2026-06-02,tarde,reagendada,0,2.25,si,media,32,Idea geometrico en muneca con Lina Dot
RES-0906,2026-06-16,17:30,Fernanda Paredes,@fernanda.paredes,Instagram,visita directa,Rahue,Kuro,blackwork,blackwork color,muneca,grande,280000,2026-07-03,fin de semana,confirmada,60000,5.5,no,media,71,Idea a color blackwork en muneca con Kuro
RES-0907,2026-05-14,13:30,Sebastian Oyarzo,+56995745783,WhatsApp,Instagram,Rio Negro,Lina Dot,minimalista,geometrico,pecho,pequeno,40000,2026-05-19,fin de semana,pendiente,0,0.75,si,media,12,Idea geometrico en pecho con Lina Dot
RES-0908,2026-06-11,11:00,Maximiliano Paredes,+56926424536,WhatsApp,cliente recurrente,Francke,Atlas,piezas grandes,geometrico,pierna,sesion larga,365000,2026-06-26,mediodia,confirmada,80000,6,no,alta,98,Idea geometrico en pierna con Atlas
RES-0909,2026-06-13,09:30,Florencia Morales,+56976793936,WhatsApp,cliente recurrente,Purranque,Kuro,blackwork,geometrico,tobillo,mediano,85000,2026-06-26,tarde,cancelada,0,1.75,no,alta,27,Idea geometrico en tobillo con Kuro
RES-0910,2026-05-18,10:00,Camila Oyarzo,+56968584506,WhatsApp,recomendacion,Francke,Nova Ink,fine line,lettering,cuello,grande,180000,2026-07-01,fin de semana,confirmada,50000,3.5,si,alta,72,Idea lettering en cuello con Nova Ink
RES-0911,2026-06-05,10:00,Martina Morales,+56992412084,WhatsApp,recomendacion,Puerto Octay,Atlas,piezas grandes,geometrico,pierna,grande,260000,2026-06-27,fin de semana,confirmada,55000,4.5,si,baja,86,Idea geometrico en pierna con Atlas
RES-0912,2026-06-07,13:00,Felipe Alvarez,+56981157609,WhatsApp,Google,Francke,Lina Dot,minimalista,fine line color,mano/dedos,pequeno,40000,2026-06-10,tarde,confirmada,15000,0.75,si,alta,36,Idea a color fine line en mano/dedos con Lina Dot
RES-0913,2026-05-22,10:30,Emilia Cardenas,+56930364258,WhatsApp,evento AIEP,Purranque,Mila Shade,sombras suaves,minimalista,antebrazo,sesion larga,260000,2026-05-30,tarde,confirmada,55000,5,no,media,71,Idea minimalista en antebrazo con Mila Shade
RES-0914,2026-05-31,10:00,Maximiliano Morales,+56934981221,WhatsApp,recomendacion,San Pablo,Rayo,tradicional,tradicional color,muneca,grande,240000,2026-07-01,fin de semana,confirmada,55000,5.5,si,baja,79,Idea a color tradicional en muneca con Rayo
RES-0915,2026-05-20,10:00,Cristobal Leiva,+56929026112,WhatsApp,TikTok,San Pablo,Mila Shade,sombras suaves,fine line,hombro,pequeno,50000,2026-05-23,tarde,contactar,0,1.25,si,media,14,Idea fine line en hombro con Mila Shade
RES-0916,2026-05-18,14:30,Catalina Cortes,+56940510923,WhatsApp,cliente recurrente,Ovejeria,Mila Shade,sombras suaves,minimalista,hombro,mediano,90000,2026-05-21,tarde,confirmada,25000,2.25,si,media,57,Idea minimalista en hombro con Mila Shade
RES-0917,2026-05-21,13:00,Lucas Miranda,+56915365298,WhatsApp,visita directa,San Pablo,Nova Ink,fine line,fine line,brazo,mediano,85000,2026-06-02,tarde,contactar,0,1.75,si,baja,20,Idea fine line en brazo con Nova Ink
RES-0918,2026-05-30,13:30,Agustin Miranda,+56910080541,WhatsApp,TikTok,Puerto Octay,Atlas,piezas grandes,geometrico,muneca,sesion larga,260000,2026-06-30,tarde,confirmada,55000,5,no,media,71,Idea geometrico en muneca con Atlas
RES-0919,2026-06-07,15:00,Felipe Reyes,@felipe.reyes,Instagram,TikTok,Rio Negro,Atlas,piezas grandes,tradicional color,antebrazo,mediano,130000,2026-06-18,tarde,contactar,0,2.25,si,media,29,Idea a color tradicional en antebrazo con Atlas
RES-0920,2026-06-10,10:00,Josefa Cardenas,+56966143990,WhatsApp,TikTok,Puerto Octay,Mila Shade,sombras suaves,geometrico color,pecho,pequeno,70000,2026-06-13,manana,pendiente,0,1.25,si,baja,18,Idea a color geometrico en pecho con Mila Shade
RES-0921,2026-05-24,15:00,Joaquin Godoy,+56914028334,WhatsApp,recomendacion,Rahue,Mila Shade,sombras suaves,fine line color,espalda,mediano,100000,2026-05-28,mediodia,contactar,0,1.75,si,media,33,Idea a color fine line en espalda con Mila Shade
RES-0922,2026-05-21,16:00,Ignacio Castillo,@ignacio.castillo,Instagram,cliente recurrente,Osorno,Nova Ink,fine line,minimalista,hombro,mediano,85000,2026-06-02,manana,pendiente,0,1.75,si,baja,32,Idea minimalista en hombro con Nova Ink
RES-0923,2026-05-19,11:30,Josefa Mansilla,@josefa.mansilla,Instagram,TikTok,Rio Negro,Mila Shade,sombras suaves,fine line color,hombro,sesion larga,265000,2026-05-23,tarde,contactar,0,5,si,media,53,Idea a color fine line en hombro con Mila Shade
RES-0924,2026-05-15,10:30,Francisca Godoy,+56989504790,WhatsApp,TikTok,Ovejeria,Kuro,blackwork,blackwork,hombro,mediano,105000,2026-05-19,tarde,confirmada,30000,1.75,no,alta,43,Idea blackwork en hombro con Kuro
RES-0925,2026-06-01,11:00,Benjamin Oyarzo,+56953953871,WhatsApp,recomendacion,San Pablo,Kuro,blackwork,tradicional,tobillo,grande,215000,2026-07-04,fin de semana,pendiente,0,4.5,si,media,54,Idea tradicional en tobillo con Kuro
RES-0926,2026-06-06,11:30,Martina Soto,+56927000824,WhatsApp,Instagram,Puerto Octay,Lina Dot,minimalista,fine line color,mano/dedos,pequeno,60000,2026-06-10,fin de semana,confirmada,20000,1.25,si,media,40,Idea a color fine line en mano/dedos con Lina Dot
RES-0927,2026-06-07,16:30,Fernanda Paredes,@fernanda.paredes,Instagram,Instagram,Ovejeria,Mila Shade,sombras suaves,geometrico,antebrazo,pequeno,40000,2026-06-12,tarde,pendiente,0,1,no,media,12,Idea geometrico en antebrazo con Mila Shade
RES-0928,2026-05-24,11:30,Catalina Saavedra,+56958660364,WhatsApp,Instagram,Rahue,Lina Dot,minimalista,minimalista,espalda,mediano,85000,2026-06-02,mediodia,confirmada,30000,2.25,si,media,44,Idea minimalista en espalda con Lina Dot
RES-0929,2026-06-15,14:00,Camila Godoy,@camila.godoy,Instagram,Instagram,Ovejeria,Lina Dot,minimalista,minimalista color,pierna,sesion larga,265000,2026-07-10,fin de semana,contactar,0,7,si,alta,49,Idea a color minimalista en pierna con Lina Dot
RES-0930,2026-06-17,15:00,Felipe Navarro,@felipe.navarro,Instagram,visita directa,Puerto Octay,Kuro,blackwork,blackwork,costillas,mediano,130000,2026-06-26,fin de semana,pendiente,0,1.75,si,media,29,Idea blackwork en costillas con Kuro
RES-0931,2026-05-17,12:30,Cristobal Alvarez,@cristobal.alvarez,Instagram,TikTok,San Pablo,Rayo,tradicional,tradicional color,tobillo,mediano,160000,2026-05-21,fin de semana,pendiente,0,3,no,baja,29,Idea a color tradicional en tobillo con Rayo
RES-0932,2026-05-18,15:30,Lucas Rojas,+56926120600,WhatsApp,recomendacion,Ovejeria,Lina Dot,minimalista,geometrico,espalda,pequeno,40000,2026-05-21,fin de semana,pendiente,0,1,no,alta,17,Idea geometrico en espalda con Lina Dot
RES-0933,2026-05-31,16:00,Gabriel Leiva,+56924029041,WhatsApp,cliente recurrente,Francke,Nova Ink,fine line,fine line,antebrazo,grande,190000,2026-07-02,fin de semana,pendiente,0,5.5,no,media,43,Idea fine line en antebrazo con Nova Ink
RES-0934,2026-05-26,11:30,Camila Morales,+56952119821,WhatsApp,TikTok,Rio Negro,Lina Dot,minimalista,minimalista,pierna,mediano,85000,2026-06-12,tarde,pendiente,0,2.25,no,media,15,Idea minimalista en pierna con Lina Dot
RES-0935,2026-06-06,13:00,Isidora Mansilla,+56997482519,WhatsApp,TikTok,Rahue,Atlas,piezas grandes,blackwork,mano/dedos,grande,330000,2026-07-01,manana,contactar,0,5.5,si,baja,61,Idea blackwork en mano/dedos con Atlas
RES-0936,2026-06-08,17:00,Agustin Godoy,+56916764636,WhatsApp,visita directa,Ovejeria,Kuro,blackwork,blackwork color,mano/dedos,grande,300000,2026-07-04,fin de semana,reagendada,0,4.5,si,media,60,Idea a color blackwork en mano/dedos con Kuro
RES-0937,2026-05-31,12:30,Diego Saavedra,@diego.saavedra,Instagram,Google,Osorno,Rayo,tradicional,blackwork,cuello,pequeno,80000,2026-06-03,tarde,confirmada,30000,1.25,no,alta,39,Idea blackwork en cuello con Rayo
RES-0938,2026-05-19,13:30,Vicente Oyarzo,+56919247109,WhatsApp,recomendacion,San Pablo,Nova Ink,fine line,lettering,pierna,grande,190000,2026-07-02,tarde,confirmada,55000,5.5,si,media,70,Idea lettering en pierna con Nova Ink
RES-0939,2026-05-26,09:00,Josefa Saavedra,+56920450400,WhatsApp,Google,Francke,Kuro,blackwork,blackwork,costillas,mediano,170000,2026-07-04,tarde,pendiente,0,3,no,media,31,Idea blackwork en costillas con Kuro
RES-0940,2026-06-13,13:30,Josefa Navarro,@josefa.navarro,Instagram,Google,Osorno,Mila Shade,sombras suaves,fine line,mano/dedos,pequeno,40000,2026-06-16,tarde,pendiente,0,1,si,media,12,Idea fine line en mano/dedos con Mila Shade
RES-0941,2026-05-27,17:00,Tomas Araya,+56953442157,WhatsApp,cliente recurrente,San Pablo,Atlas,piezas grandes,blackwork,hombro,mediano,170000,2026-07-01,manana,confirmada,50000,3,si,media,72,Idea blackwork en hombro con Atlas
RES-0942,2026-05-31,12:30,Ignacio Leiva,+56964521832,WhatsApp,recomendacion,Francke,Atlas,piezas grandes,tradicional,muneca,pequeno,65000,2026-06-04,tarde,confirmada,25000,1.25,no,baja,46,Idea tradicional en muneca con Atlas
RES-0943,2026-05-17,16:00,Catalina Cardenas,+56972484888,WhatsApp,Google,San Pablo,Nova Ink,fine line,lettering,antebrazo,grande,180000,2026-07-03,manana,confirmada,50000,3.5,si,alta,62,Idea lettering en antebrazo con Nova Ink
RES-0944,2026-05-19,13:30,Ignacio Saavedra,+56955987230,WhatsApp,cliente recurrente,Ovejeria,Kuro,blackwork,tradicional color,pecho,pequeno,65000,2026-05-27,mediodia,confirmada,25000,1,si,baja,53,Idea a color tradicional en pecho con Kuro
RES-0945,2026-05-18,09:30,Josefa Cortes,@josefa.cortes,Instagram,Instagram,Osorno,Kuro,blackwork,tradicional color,costillas,pequeno,80000,2026-05-28,tarde,contactar,0,1,si,alta,20,Idea a color tradicional en costillas con Kuro
RES-0946,2026-05-22,13:30,Trinidad Saavedra,@trinidad.saavedra,Instagram,Google,Purranque,Atlas,piezas grandes,blackwork color,pierna,grande,250000,2026-07-01,tarde,pendiente,0,3.5,si,media,50,Idea a color blackwork en pierna con Atlas
RES-0947,2026-06-11,12:00,Sebastian Cortes,@sebastian.cortes,Instagram,recomendacion,Purranque,Lina Dot,minimalista,fine line,pecho,sesion larga,260000,2026-07-02,tarde,confirmada,55000,5,si,baja,86,Idea fine line en pecho con Lina Dot
RES-0948,2026-05-18,11:30,Isidora Rojas,@isidora.rojas,Instagram,TikTok,Purranque,Rayo,tradicional,blackwork,pecho,grande,270000,2026-05-21,fin de semana,confirmada,60000,4.5,si,media,78,Idea blackwork en pecho con Rayo
RES-0949,2026-06-05,10:30,Bastian Soto,@bastian.soto,Instagram,cliente recurrente,Ovejeria,Mila Shade,sombras suaves,geometrico,cuello,mediano,95000,2026-06-09,fin de semana,confirmada,25000,1.75,no,media,53,Idea geometrico en cuello con Mila Shade
RES-0950,2026-05-15,09:30,Camila Araya,+56988261380,WhatsApp,evento AIEP,Rio Negro,Rayo,tradicional,lettering,antebrazo,grande,180000,2026-07-02,mediodia,confirmada,50000,4.5,no,alta,57,Idea lettering en antebrazo con Rayo
RES-0951,2026-06-06,14:30,Nicolas Reyes,+56914629084,WhatsApp,TikTok,Puerto Octay,Rayo,tradicional,lettering,cuello,pequeno,40000,2026-06-09,manana,confirmada,15000,0.75,si,baja,36,Idea lettering en cuello con Rayo
RES-0952,2026-05-20,10:00,Renata Godoy,@renata.godoy,Instagram,cliente recurrente,Rahue,Rayo,tradicional,blackwork,tobillo,mediano,130000,2026-06-06,mediodia,contactar,0,3,si,baja,41,Idea blackwork en tobillo con Rayo
RES-0953,2026-06-15,15:00,Nicolas Alvarez,+56991142569,WhatsApp,cliente recurrente,Purranque,Nova Ink,fine line,lettering,espalda,mediano,85000,2026-06-19,tarde,contactar,0,1.75,si,baja,32,Idea lettering en espalda con Nova Ink
RES-0954,2026-06-13,09:00,Antonia Soto,@antonia.soto,Instagram,evento AIEP,Francke,Rayo,tradicional,tradicional color,hombro,pequeno,55000,2026-06-17,manana,pendiente,0,1,no,alta,12,Idea a color tradicional en hombro con Rayo
RES-0955,2026-05-14,16:30,Emilia Saavedra,@emilia.saavedra,Instagram,cliente recurrente,Osorno,Lina Dot,minimalista,fine line color,espalda,mediano,135000,2026-05-19,fin de semana,confirmada,40000,3,si,baja,66,Idea a color fine line en espalda con Lina Dot
RES-0956,2026-06-17,09:00,Francisca Munoz,+56957215236,WhatsApp,TikTok,San Pablo,Lina Dot,minimalista,fine line color,mano/dedos,grande,180000,2026-07-03,mediodia,cancelada,0,4.5,no,alta,33,Idea a color fine line en mano/dedos con Lina Dot
RES-0957,2026-05-17,11:30,Bastian Bravo,@bastian.bravo,Instagram,TikTok,Rio Negro,Lina Dot,minimalista,geometrico,espalda,pequeno,40000,2026-05-20,mediodia,confirmada,15000,0.75,no,baja,31,Idea geometrico en espalda con Lina Dot
RES-0958,2026-05-22,15:30,Constanza Paredes,@constanza.paredes,Instagram,evento AIEP,Puerto Octay,Rayo,tradicional,lettering,espalda,grande,180000,2026-07-03,mediodia,pendiente,0,3.5,si,alta,38,Idea lettering en espalda con Rayo
RES-0959,2026-05-22,12:30,Benjamin Soto,+56961887316,WhatsApp,cliente recurrente,Puerto Octay,Mila Shade,sombras suaves,geometrico color,muneca,sesion larga,260000,2026-06-04,mediodia,pendiente,0,6,si,baja,60,Idea a color geometrico en muneca con Mila Shade
RES-0960,2026-05-24,17:00,Valentina Morales,+56980710158,WhatsApp,cliente recurrente,San Pablo,Kuro,blackwork,geometrico color,brazo,pequeno,45000,2026-05-28,manana,pendiente,0,0.75,si,media,25,Idea a color geometrico en brazo con Kuro
RES-0961,2026-06-19,10:30,Gabriel Mansilla,+56986832854,WhatsApp,Instagram,Purranque,Atlas,piezas grandes,tradicional color,cuello,mediano,140000,2026-06-27,tarde,pendiente,0,1.75,si,baja,30,Idea a color tradicional en cuello con Atlas
RES-0962,2026-05-18,11:00,Nicolas Soto,+56968524331,WhatsApp,Google,Purranque,Rayo,tradicional,lettering,costillas,mediano,105000,2026-06-06,tarde,pendiente,0,2.25,si,media,24,Idea lettering en costillas con Rayo
RES-0963,2026-06-11,12:00,Emilia Alvarez,+56950804362,WhatsApp,Instagram,Purranque,Atlas,piezas grandes,tradicional,tobillo,mediano,90000,2026-06-16,mediodia,confirmada,25000,1.75,no,media,40,Idea tradicional en tobillo con Atlas
RES-0964,2026-06-19,17:00,Cristobal Reyes,+56917259143,WhatsApp,Google,Osorno,Nova Ink,fine line,fine line,cuello,mediano,125000,2026-06-25,tarde,contactar,0,3,si,media,28,Idea fine line en cuello con Nova Ink
RES-0965,2026-06-01,17:30,Emilia Bravo,@emilia.bravo,Instagram,recomendacion,Osorno,Nova Ink,fine line,fine line,pecho,grande,180000,2026-07-04,fin de semana,pendiente,0,3.5,si,alta,48,Idea fine line en pecho con Nova Ink
RES-0966,2026-06-05,16:30,Martina Vera,@martina.vera,Instagram,Google,Osorno,Atlas,piezas grandes,geometrico,pecho,mediano,170000,2026-07-01,tarde,contactar,0,3,si,baja,36,Idea geometrico en pecho con Atlas
RES-0967,2026-05-21,11:00,Francisca Soto,+56992145827,WhatsApp,evento AIEP,Purranque,Nova Ink,fine line,fine line,pecho,mediano,130000,2026-06-04,tarde,cancelada,0,3,si,baja,29,Idea fine line en pecho con Nova Ink
RES-0968,2026-06-11,13:00,Valentina Araya,+56916540606,WhatsApp,visita directa,San Pablo,Lina Dot,minimalista,geometrico color,costillas,sesion larga,330000,2026-07-03,mediodia,confirmada,75000,6,no,media,80,Idea a color geometrico en costillas con Lina Dot
RES-0969,2026-05-18,10:30,Javiera Saavedra,+56948695176,WhatsApp,TikTok,Puerto Octay,Kuro,blackwork,geometrico,pecho,pequeno,80000,2026-05-28,fin de semana,confirmada,30000,1.25,si,alta,44,Idea geometrico en pecho con Kuro
RES-0970,2026-06-09,14:00,Nicolas Mansilla,@nicolas.mansilla,Instagram,Instagram,Rio Negro,Kuro,blackwork,blackwork,antebrazo,pequeno,50000,2026-06-17,tarde,confirmada,20000,1,no,baja,33,Idea blackwork en antebrazo con Kuro
RES-0971,2026-05-30,14:30,Constanza Paredes,@constanza.paredes,Instagram,Google,Puerto Octay,Atlas,piezas grandes,tradicional color,tobillo,pequeno,40000,2026-06-02,manana,pendiente,0,0.75,si,media,12,Idea a color tradicional en tobillo con Atlas
RES-0972,2026-06-10,12:30,Constanza Cardenas,+56956077102,WhatsApp,TikTok,Francke,Kuro,blackwork,tradicional,costillas,sesion larga,355000,2026-07-04,tarde,contactar,0,6,no,media,61,Idea tradicional en costillas con Kuro
RES-0973,2026-05-19,13:30,Isidora Mansilla,@isidora.mansilla,Instagram,Instagram,San Pablo,Atlas,piezas grandes,tradicional color,pierna,pequeno,55000,2026-05-22,manana,pendiente,0,0.75,si,baja,15,Idea a color tradicional en pierna con Atlas
RES-0974,2026-06-11,13:30,Camila Rojas,+56951678505,WhatsApp,Instagram,Purranque,Nova Ink,fine line,minimalista,hombro,pequeno,40000,2026-06-19,fin de semana,cancelada,0,1,si,media,12,Idea minimalista en hombro con Nova Ink
RES-0975,2026-06-07,14:00,Tomas Morales,@tomas.morales,Instagram,TikTok,Ovejeria,Rayo,tradicional,blackwork,espalda,mediano,170000,2026-07-03,manana,confirmada,50000,3,no,baja,55,Idea blackwork en espalda con Rayo
RES-0976,2026-05-21,10:00,Cristobal Gallardo,+56953424145,WhatsApp,visita directa,Puerto Octay,Rayo,tradicional,lettering,hombro,pequeno,50000,2026-06-02,fin de semana,confirmada,20000,1.25,si,media,38,Idea lettering en hombro con Rayo
RES-0977,2026-06-18,16:00,Felipe Carrasco,+56932510428,WhatsApp,evento AIEP,Ovejeria,Mila Shade,sombras suaves,minimalista,cuello,mediano,100000,2026-06-24,fin de semana,confirmada,30000,2.25,si,media,47,Idea minimalista en cuello con Mila Shade
RES-0978,2026-06-10,10:00,Joaquin Cortes,@joaquin.cortes,Instagram,recomendacion,Francke,Rayo,tradicional,blackwork,hombro,pequeno,70000,2026-06-17,tarde,confirmada,25000,1.25,si,alta,52,Idea blackwork en hombro con Rayo
RES-0979,2026-05-17,09:00,Trinidad Leiva,+56939561915,WhatsApp,TikTok,Rio Negro,Nova Ink,fine line,fine line color,pierna,pequeno,60000,2026-05-20,fin de semana,contactar,0,1.25,si,alta,16,Idea a color fine line en pierna con Nova Ink
RES-0980,2026-06-02,10:00,Diego Soto,@diego.soto,Instagram,TikTok,Rio Negro,Rayo,tradicional,lettering,mano/dedos,grande,250000,2026-07-04,tarde,pendiente,0,5.5,no,media,41,Idea lettering en mano/dedos con Rayo
RES-0981,2026-05-30,13:30,Sofia Munoz,+56962364776,WhatsApp,Instagram,Rahue,Lina Dot,minimalista,fine line color,tobillo,pequeno,40000,2026-06-02,tarde,pendiente,0,0.75,si,media,12,Idea a color fine line en tobillo con Lina Dot
RES-0982,2026-05-22,17:00,Vicente Godoy,+56951073718,WhatsApp,TikTok,Ovejeria,Nova Ink,fine line,lettering,brazo,pequeno,40000,2026-05-30,fin de semana,confirmada,15000,1,no,alta,31,Idea lettering en brazo con Nova Ink
RES-0983,2026-06-19,12:00,Valentina Carrasco,@valentina.carrasco,Instagram,Google,Ovejeria,Nova Ink,fine line,fine line,pecho,mediano,85000,2026-06-24,fin de semana,pendiente,0,1.75,no,media,15,Idea fine line en pecho con Nova Ink
RES-0984,2026-06-11,17:00,Trinidad Espinoza,+56911844424,WhatsApp,recomendacion,Ovejeria,Mila Shade,sombras suaves,minimalista,tobillo,pequeno,40000,2026-06-16,mediodia,confirmada,15000,1.25,si,media,46,Idea minimalista en tobillo con Mila Shade
RES-0985,2026-05-22,16:00,Sofia Munoz,+56957626216,WhatsApp,visita directa,San Pablo,Mila Shade,sombras suaves,geometrico,hombro,mediano,100000,2026-05-28,fin de semana,cancelada,0,2.25,si,baja,23,Idea geometrico en hombro con Mila Shade
RES-0986,2026-06-03,12:00,Joaquin Alvarez,@joaquin.alvarez,Instagram,Google,Rio Negro,Nova Ink,fine line,lettering color,brazo,grande,190000,2026-07-04,mediodia,cancelada,0,4.5,si,baja,40,Idea a color lettering en brazo con Nova Ink
RES-0987,2026-05-26,17:30,Vicente Miranda,@vicente.miranda,Instagram,recomendacion,Puerto Octay,Rayo,tradicional,lettering color,hombro,grande,180000,2026-07-03,tarde,confirmada,50000,3.5,no,media,67,Idea a color lettering en hombro con Rayo
RES-0988,2026-06-15,15:00,Catalina Saavedra,+56918883829,WhatsApp,cliente recurrente,Rahue,Nova Ink,fine line,lettering color,mano/dedos,pequeno,60000,2026-06-19,manana,pendiente,0,1.25,no,baja,23,Idea a color lettering en mano/dedos con Nova Ink
RES-0989,2026-06-19,17:00,Benjamin Gallardo,+56945435421,WhatsApp,Instagram,Purranque,Lina Dot,minimalista,minimalista,cuello,pequeno,40000,2026-06-23,manana,pendiente,0,1,no,media,12,Idea minimalista en cuello con Lina Dot
RES-0990,2026-05-15,16:30,Constanza Miranda,+56971425744,WhatsApp,Instagram,Ovejeria,Rayo,tradicional,tradicional color,pecho,sesion larga,310000,2026-07-04,fin de semana,confirmada,70000,5,si,media,85,Idea a color tradicional en pecho con Rayo
RES-0991,2026-06-02,17:00,Renata Vera,+56946612871,WhatsApp,visita directa,Rahue,Kuro,blackwork,blackwork,mano/dedos,mediano,140000,2026-07-04,fin de semana,contactar,0,2.25,no,media,25,Idea blackwork en mano/dedos con Kuro
RES-0992,2026-06-07,10:00,Isidora Leiva,+56987088410,WhatsApp,Instagram,San Pablo,Rayo,tradicional,tradicional color,pecho,mediano,110000,2026-06-26,tarde,confirmada,30000,1.75,si,baja,49,Idea a color tradicional en pecho con Rayo
RES-0993,2026-05-17,10:30,Antonia Oyarzo,@antonia.oyarzo,Instagram,TikTok,Osorno,Rayo,tradicional,tradicional color,espalda,grande,295000,2026-07-07,manana,confirmada,65000,4.5,si,baja,83,Idea a color tradicional en espalda con Rayo
RES-0994,2026-05-30,11:30,Sebastian Castillo,+56962111178,WhatsApp,visita directa,Osorno,Kuro,blackwork,blackwork,espalda,mediano,120000,2026-06-26,manana,contactar,0,1.75,no,media,22,Idea blackwork en espalda con Kuro
RES-0995,2026-06-10,17:00,Ignacio Cortes,@ignacio.cortes,Instagram,TikTok,Puerto Octay,Rayo,tradicional,tradicional,tobillo,mediano,115000,2026-07-08,fin de semana,reagendada,0,3,si,baja,26,Idea tradicional en tobillo con Rayo
RES-0996,2026-06-10,16:00,Maximiliano Espinoza,+56931172260,WhatsApp,Instagram,Ovejeria,Atlas,piezas grandes,geometrico,pierna,mediano,170000,2026-07-01,manana,confirmada,50000,3,no,alta,55,Idea geometrico en pierna con Atlas
RES-0997,2026-05-20,12:00,Emilia Castillo,+56953819816,WhatsApp,visita directa,Purranque,Atlas,piezas grandes,blackwork,espalda,grande,330000,2026-07-02,fin de semana,contactar,0,4.5,si,media,65,Idea blackwork en espalda con Atlas
RES-0998,2026-06-01,09:30,Lucas Morales,@lucas.morales,Instagram,evento AIEP,Purranque,Lina Dot,minimalista,fine line,brazo,pequeno,45000,2026-06-05,tarde,pendiente,0,1.25,no,alta,12,Idea fine line en brazo con Lina Dot
RES-0999,2026-06-07,10:30,Constanza Bravo,@constanza.bravo,Instagram,Instagram,San Pablo,Lina Dot,minimalista,geometrico color,muneca,pequeno,45000,2026-06-12,manana,confirmada,15000,1.25,si,baja,37,Idea a color geometrico en muneca con Lina Dot
RES-1000,2026-06-17,11:30,Camila Morales,+56982014325,WhatsApp,recomendacion,Rahue,Mila Shade,sombras suaves,minimalista,antebrazo,grande,180000,2026-06-24,tarde,contactar,0,3.5,si,media,48,Idea minimalista en antebrazo con Mila Shade
